year,month,Monthly_Rain,count,,,,,,,
1929,4,6.9,18,,,,,,,
1929,5,142.6,31,,,,,,,
1929,6,12.6,30,,,,,,,
1929,7,99,31,,,,,,,
1929,8,99.8,31,,,,,,,
1929,9,116.8,30,,,,,,,
1929,10,190.6,31,,,,,,,
1929,11,161.7,30,,,,,,,
1929,12,118.2,31,,,,,,,
1930,1,99.2,31,,,,,,,
1930,2,26.6,28,,,,,,,
1930,3,101.3,31,,,,,,,
1930,4,103.4,30,,,,,,,
1930,5,124.5,31,,,,,,,
1930,6,456.3,30,,,,,,,
1930,7,49,31,,,,,,,
1930,8,22,31,,,,,,,
1930,9,8.4,30,,,,,,,
1930,10,78.2,31,,,,,,,
1930,11,50,30,,,,,,,
1930,12,148.3,31,,,,,,,
1931,1,45.2,31,,,,,,,
1931,2,72.9,28,,,,,,,
1931,3,166.5,31,,,,,,,
1931,4,204,30,,,,,,,
1931,5,116.8,31,,,,,,,
1931,6,17.2,30,,,,,,,
1931,7,245.6,31,,,,,,,
1931,8,12.7,31,,,,,,,
1931,9,186.5,30,,,,,,,
1931,10,63,31,,,,,,,
1931,11,63.8,30,,,,,,,
1931,12,154.7,31,,,,,,,
1932,1,138.4,31,,,,,,,
1932,2,134,29,,,,,,,
1932,3,247.9,31,,,,,,,
1932,4,91.6,30,,,,,,,
1932,5,38,31,,,,,,,
1932,6,17.7,30,,,,,,,
1932,7,72.4,31,,,,,,,
1932,8,105.3,31,,,,,,,
1932,9,285.8,30,,,,,,,
1932,10,37.2,31,,,,,,,
1932,11,103.6,30,,,,,,,
1932,12,71.8,31,,,,,,,
1933,1,316.3,31,,,,,,,
1933,2,14,28,,,,,,,
1933,3,68.5,31,,,,,,,
1933,4,215.2,30,,,,,,,
1933,5,96.6,31,,,,,,,
1933,6,74.8,30,,,,,,,
1933,7,102.8,31,,,,,,,
1933,8,5.6,31,,,,,,,
1933,9,64.1,30,,,,,,,
1933,10,44.5,31,,,,,,,
1933,11,152.4,30,,,,,,,
1933,12,123.7,31,,,,,,,
1934,1,233,31,,,,,,,
1934,2,352.5,28,,,,,,,
1934,3,110.5,31,,,,,,,
1934,4,215.4,29,,,,,,,
1934,5,200.1,31,,,,,,,
1934,6,155,30,,,,,,,
1934,7,195.2,31,,,,,,,
1934,8,199.8,31,,,,,,,
1934,9,152.4,30,,,,,,,
1934,10,75.4,31,,,,,,,
1934,11,79.3,30,,,,,,,
1934,12,36.5,31,,,,,,,
1935,1,88.9,31,,,,,,,
1935,2,191.8,28,,,,,,,
1935,3,54.6,31,,,,,,,
1935,4,56.4,29,,,,,,,
1935,5,20.3,31,,,,,,,
1935,6,46.3,30,,,,,,,
1935,7,44.3,31,,,,,,,
1935,8,5.3,31,,,,,,,
1935,9,92.7,30,,,,,,,
1935,10,116.2,31,,,,,,,
1935,11,50.8,30,,,,,,,
1935,12,126.3,31,,,,,,,
1936,1,139.7,31,,,,,,,
1936,2,128.3,29,,,,,,,
1936,3,111.6,31,,,,,,,
1936,4,83.8,30,,,,,,,
1936,5,70.6,31,,,,,,,
1936,6,68.5,30,,,,,,,
1936,7,3.8,31,,,,,,,
1936,8,28.4,31,,,,,,,
1936,9,39.6,30,,,,,,,
1936,10,11.9,31,,,,,,,
1936,11,15,30,,,,,,,
1936,12,231.2,31,,,,,,,
1937,1,97.6,31,,,,,,,
1937,2,89.6,28,,,,,,,
1937,3,396.3,31,,,,,,,
1937,4,53.3,30,,,,,,,
1937,5,17,31,,,,,,,
1937,6,228.5,30,,,,,,,
1937,7,99.6,31,,,,,,,
1937,8,55.8,31,,,,,,,
1937,9,14,30,,,,,,,
1937,10,94,31,,,,,,,
1937,11,74.1,30,,,,,,,
1937,12,81.5,31,,,,,,,
1938,1,96.2,31,,,,,,,
1938,2,73.5,28,,,,,,,
1938,3,17.8,31,,,,,,,
1938,4,46.3,30,,,,,,,
1938,5,74.3,31,,,,,,,
1938,6,13.8,30,,,,,,,
1938,7,65.6,31,,,,,,,
1938,8,415.5,31,,,,,,,
1938,9,21.1,30,,,,,,,
1938,10,110.8,31,,,,,,,
1938,11,39.2,30,,,,,,,
1938,12,25.1,31,,,,,,,
1939,1,97.2,31,,,,,,,
1939,2,3,28,,,,,,,
1939,3,225.4,31,,,,,,,
1939,4,101.1,30,,,,,,,
1939,5,50.9,31,,,,,,,
1939,6,10.7,30,,,,,,,
1939,7,22.9,31,,,,,,,
1939,8,67.4,31,,,,,,,
1939,9,68.2,30,,,,,,,
1939,10,83.8,31,,,,,,,
1939,11,60.8,30,,,,,,,
1939,12,25.8,31,,,,,,,
1940,1,41.7,31,,,,,,,
1940,2,13.2,29,,,,,,,
1940,3,8.2,31,,,,,,,
1940,4,207.6,30,,,,,,,
1940,5,30.5,31,,,,,,,
1940,6,28.3,30,,,,,,,
1940,7,40.1,31,,,,,,,
1940,8,17.4,31,,,,,,,
1940,9,56.1,30,,,,,,,
1940,10,22.6,31,,,,,,,
1940,11,95.5,30,,,,,,,
1940,12,253.5,31,,,,,,,
1941,1,87.4,31,,,,,,,
1941,2,66.9,28,,,,,,,
1941,3,22.1,31,,,,,,,
1941,4,123.2,30,,,,,,,
1941,5,22.4,31,,,,,,,
1941,6,18.8,30,,,,,,,
1941,7,24.6,31,,,,,,,
1941,8,52.2,31,,,,,,,
1941,9,43.5,30,,,,,,,
1941,10,53.4,31,,,,,,,
1941,11,58.3,30,,,,,,,
1941,12,28.2,31,,,,,,,
1942,1,23.7,31,,,,,,,
1942,2,60.9,28,,,,,,,
1942,3,222.5,31,,,,,,,
1942,4,42.4,30,,,,,,,
1942,5,22.9,31,,,,,,,
1942,6,65.5,30,,,,,,,
1942,7,33.5,31,,,,,,,
1942,8,6.6,31,,,,,,,
1942,9,25.4,30,,,,,,,
1942,10,188.3,31,,,,,,,
1942,11,176.6,29,,,,,,,
1942,12,74.1,31,,,,,,,
1943,1,39.7,30,,,,,,,
1943,2,51.9,28,,,,,,,
1943,3,52.8,31,,,,,,,
1943,4,63.5,30,,,,,,,
1943,5,624.1,29,,,,,,,
1943,6,10.7,30,,,,,,,
1943,7,3.3,31,,,,,,,
1943,8,147.1,31,,,,,,,
1943,9,186.6,30,,,,,,,
1943,10,55.4,31,,,,,,,
1943,11,139.5,30,,,,,,,
1943,12,60.3,31,,,,,,,
1944,1,42.7,31,,,,,,,
1944,2,20.9,29,,,,,,,
1944,3,36.3,31,,,,,,,
1944,4,58.7,30,,,,,,,
1944,5,103.1,31,,,,,,,
1944,6,48.2,30,,,,,,,
1944,7,43.3,31,,,,,,,
1944,8,107.6,31,,,,,,,
1944,9,42.6,30,,,,,,,
1944,10,27.6,31,,,,,,,
1944,11,23.4,30,,,,,,,
1944,12,23.4,31,,,,,,,
1945,1,107.2,31,,,,,,,
1945,2,71.1,28,,,,,,,
1945,3,42.9,31,,,,,,,
1945,4,476.6,30,,,,,,,
1945,5,95.3,31,,,,,,,
1945,6,252.7,30,,,,,,,
1945,7,53.6,31,,,,,,,
1945,8,17.8,31,,,,,,,
1945,9,4.8,30,,,,,,,
1945,10,22.6,31,,,,,,,
1945,11,54.1,30,,,,,,,
1945,12,56.4,31,,,,,,,
1946,1,21.6,31,,,,,,,
1946,2,87.2,28,,,,,,,
1946,3,71.9,31,,,,,,,
1946,4,288.6,30,,,,,,,
1946,5,39.4,31,,,,,,,
1946,6,147.9,30,,,,,,,
1946,7,0,31,,,,,,,
1946,8,0,31,,,,,,,
1946,9,25.1,30,,,,,,,
1946,10,109.7,31,,,,,,,
1946,11,240,30,,,,,,,
1946,12,8.8,31,,,,,,,
1947,1,60.2,31,,,,,,,
1947,2,170.9,28,,,,,,,
1947,3,44.9,31,,,,,,,
1947,4,142.1,29,,,,,,,
1947,5,48.8,31,,,,,,,
1947,6,81.6,30,,,,,,,
1947,7,10.7,31,,,,,,,
1947,8,45.7,31,,,,,,,
1947,9,22.1,30,,,,,,,
1947,10,85.9,31,,,,,,,
1947,11,135.4,30,,,,,,,
1947,12,355.5,31,,,,,,,
1948,1,231.2,30,,,,,,,
1948,2,102.8,29,,,,,,,
1948,3,113.8,31,,,,,,,
1948,4,18.8,30,,,,,,,
1948,5,192.6,31,,,,,,,
1948,6,237,30,,,,,,,
1948,7,13.5,31,,,,,,,
1948,8,15.7,31,,,,,,,
1948,9,32.2,30,,,,,,,
1948,10,23.1,31,,,,,,,
1948,11,28,30,,,,,,,
1948,12,65.8,31,,,,,,,
1949,1,215.8,29,,,,,,,
1949,2,136.3,28,,,,,,,
1949,3,157.2,31,,,,,,,
1949,4,37,30,,,,,,,
1949,5,144.7,30,,,,,,,
1949,6,458.9,28,,,,,,,
1949,7,28.9,31,,,,,,,
1949,8,41.6,31,,,,,,,
1949,9,131.2,30,,,,,,,
1949,10,74.3,31,,,,,,,
1949,11,103.9,30,,,,,,,
1949,12,55.5,31,,,,,,,
1950,1,204.4,31,,,,,,,
1950,2,253.9,26,,,,,,,
1950,3,332.3,31,,,,,,,
1950,4,265,30,,,,,,,
1950,5,193.8,31,,,,,,,
1950,6,584.8,28,,,,,,,
1950,7,330.8,30,,,,,,,
1950,8,62.7,30,,,,,,,
1950,9,178.9,28,,,,,,,
1950,10,176.8,29,,,,,,,
1950,11,126.5,30,,,,,,,
1950,12,22.9,31,,,,,,,
1951,1,395.9,31,,,,,,,
1951,2,137.3,28,,,,,,,
1951,3,109.1,30,,,,,,,
1951,4,42.1,30,,,,,,,
1951,5,142.7,31,,,,,,,
1951,6,329.9,30,,,,,,,
1951,7,40.9,31,,,,,,,
1951,8,70.2,31,,,,,,,
1951,9,172.9,29,,,,,,,
1951,10,24.9,31,,,,,,,
1951,11,10.6,30,,,,,,,
1951,12,27.4,31,,,,,,,
1952,1,54.8,30,,,,,,,
1952,2,44.7,29,,,,,,,
1952,3,158.9,31,,,,,,,
1952,4,390.9,29,,,,,,,
1952,5,60,31,,,,,,,
1952,6,356.4,30,,,,,,,
1952,7,201.6,30,,,,,,,
1952,8,365.7,31,,,,,,,
1952,9,17.3,30,,,,,,,
1952,10,166.4,31,,,,,,,
1952,11,59.4,30,,,,,,,
1952,12,111.6,31,,,,,,,
1953,1,119.7,31,,,,,,,
1953,2,81,28,,,,,,,
1953,3,180,31,,,,,,,
1953,4,13.2,30,,,,,,,
1953,5,321.5,30,,,,,,,
1953,6,0.5,30,,,,,,,
1953,7,30.5,31,,,,,,,
1953,8,48.2,31,,,,,,,
1953,9,66.6,30,,,,,,,
1953,10,67,31,,,,,,,
1953,11,32.6,30,,,,,,,
1953,12,16.8,31,,,,,,,
1954,1,174,30,,,,,,,
1954,2,322,26,,,,,,,
1954,3,53.8,31,,,,,,,
1954,4,57.8,30,,,,,,,
1954,5,21.4,31,,,,,,,
1954,6,11.2,30,,,,,,,
1954,7,53.8,31,,,,,,,
1954,8,55.7,31,,,,,,,
1954,9,70.5,30,,,,,,,
1954,10,177.1,30,,,,,,,
1954,11,111.9,30,,,,,,,
1954,12,63.9,31,,,,,,,
1955,1,177.4,31,,,,,,,
1955,2,298,28,,,,,,,
1955,3,180.3,31,,,,,,,
1955,4,116,30,,,,,,,
1955,5,241.1,31,,,,,,,
1955,6,41.2,29,,,,,,,
1955,7,29.2,31,,,,,,,
1955,8,14.7,31,,,,,,,
1955,9,39.4,30,,,,,,,
1955,10,58.4,31,,,,,,,
1955,11,158.5,29,,,,,,,
1955,12,159.5,31,,,,,,,
1956,1,115.6,31,,,,,,,
1956,2,659,29,,,,,,,
1956,3,365,31,,,,,,,
1956,4,44.7,29,,,,,,,
1956,5,101.8,30,,,,,,,
1956,6,208.3,28,,,,,,,
1956,7,60.5,31,,,,,,,
1956,8,70.9,31,,,,,,,
1956,9,41,29,,,,,,,
1956,10,89.3,30,,,,,,,
1956,11,24.1,30,,,,,,,
1956,12,45.2,31,,,,,,,
1957,1,58.7,31,,,,,,,
1957,2,164,28,,,,,,,
1957,3,79.1,31,,,,,,,
1957,4,15.6,30,,,,,,,
1957,5,1.8,31,,,,,,,
1957,6,68.5,30,,,,,,,
1957,7,133.7,31,,,,,,,
1957,8,127,31,,,,,,,
1957,9,10.4,30,,,,,,,
1957,10,31.5,31,,,,,,,
1957,11,19.8,30,,,,,,,
1957,12,95.9,31,,,,,,,
1958,1,77.7,31,,,,,,,
1958,2,302.2,28,,,,,,,
1958,3,355.7,30,,,,,,,
1958,4,107,30,,,,,,,
1958,5,17.3,31,,,,,,,
1958,6,183.7,29,,,,,,,
1958,7,19.3,31,,,,,,,
1958,8,77.9,31,,,,,,,
1958,9,33.2,30,,,,,,,
1958,10,27.7,31,,,,,,,
1958,11,6.9,30,,,,,,,
1958,12,115.1,31,,,,,,,
1959,1,163.1,31,,,,,,,
1959,2,269.8,28,,,,,,,
1959,3,347.7,31,,,,,,,
1959,4,82,30,,,,,,,
1959,5,22.7,31,,,,,,,
1959,6,68.9,29,,,,,,,
1959,7,136.4,31,,,,,,,
1959,8,33.5,31,,,,,,,
1959,9,60.4,30,,,,,,,
1959,10,331,30,,,,,,,
1959,11,159.2,30,,,,,,,
1959,12,62.4,31,,,,,,,
1960,1,87.3,30,,,,,,,
1960,2,109.9,27,,,,,,,
1960,3,128.6,31,,,,,,,
1960,4,54.2,30,,,,,,,
1960,5,82,31,,,,,,,
1960,6,89.7,30,,,,,,,
1960,7,97.1,31,,,,,,,
1960,8,68.6,31,,,,,,,
1960,9,57.3,30,,,,,,,
1960,10,147.4,31,,,,,,,
1960,11,70.3,30,,,,,,,
1960,12,287.9,29,,,,,,,
1961,1,62.5,31,,,,,,,
1961,2,95.6,28,,,,,,,
1961,3,222.1,29,,,,,,,
1961,4,106.5,30,,,,,,,
1961,5,22.9,31,,,,,,,
1961,6,51.6,30,,,,,,,
1961,7,32.1,30,,,,,,,
1961,8,166.9,30,,,,,,,
1961,9,41.2,30,,,,,,,
1961,10,128.3,31,,,,,,,
1961,11,791.2,28,,,,,,,
1961,12,213.2,30,,,,,,,
1962,1,176.8,29,,,,,,,
1962,2,156.1,27,,,,,,,
1962,3,106.7,30,,,,,,,
1962,4,77,30,,,,,,,
1962,5,175,30,,,,,,,
1962,6,0.5,30,,,,,,,
1962,7,52.1,30,,,,,,,
1962,8,85.9,30,,,,,,,
1962,9,99.6,29,,,,,,,
1962,10,31.7,31,,,,,,,
1962,11,47.6,30,,,,,,,
1962,12,177.7,30,,,,,,,
1963,1,199.6,31,,,,,,,
1963,2,107.7,25,,,,,,,
1963,3,316.6,28,,,,,,,
1963,4,244.1,27,,,,,,,
1963,5,326.3,27,,,,,,,
1963,6,165.8,29,,,,,,,
1963,7,26,31,,,,,,,
1963,8,229.5,30,,,,,,,
1963,9,46.7,28,,,,,,,
1963,10,49,31,,,,,,,
1963,11,78.6,30,,,,,,,
1963,12,243.4,31,,,,,,,
1964,1,73.4,29,,,,,,,
1964,2,46.6,28,,,,,,,
1964,3,122.2,29,,,,,,,
1964,4,186.3,28,,,,,,,
1964,5,6.2,31,,,,,,,
1964,6,504,29,,,,,,,
1964,7,4.4,31,,,,,,,
1964,8,40.7,30,,,,,,,
1964,9,25.8,30,,,,,,,
1964,10,72.3,30,,,,,,,
1964,11,86.9,29,,,,,,,
1964,12,40.4,31,,,,,,,
1965,1,41.2,31,,,,,,,
1965,2,24.2,28,,,,,,,
1965,3,16.8,31,,,,,,,
1965,4,99,29,,,,,,,
1965,5,54,31,,,,,,,
1965,6,120.8,29,,,,,,,
1965,7,91.4,30,,,,,,,
1965,8,32.8,31,,,,,,,
1965,9,57.8,29,,,,,,,
1965,10,205,28,,,,,,,
1965,11,38.4,30,,,,,,,
1965,12,62.4,30,,,,,,,
1966,1,36.8,30,,,,,,,
1966,2,167.5,27,,,,,,,
1966,3,63.7,31,,,,,,,
1966,4,52.4,30,,,,,,,
1966,5,0.8,31,,,,,,,
1966,6,202.7,29,,,,,,,
1966,7,18,31,,,,,,,
1966,8,69.7,31,,,,,,,
1966,9,60.1,29,,,,,,,
1966,10,80.2,29,,,,,,,
1966,11,240.6,30,,,,,,,
1966,12,117.5,31,,,,,,,
1967,1,273.9,31,,,,,,,
1967,2,126.3,27,,,,,,,
1967,3,236.5,30,,,,,,,
1967,4,39.7,30,,,,,,,
1967,5,14,31,,,,,,,
1967,6,225.3,30,,,,,,,
1967,7,40.6,31,,,,,,,
1967,8,161.3,31,,,,,,,
1967,9,85.1,30,,,,,,,
1967,10,72.7,31,,,,,,,
1967,11,55.8,30,,,,,,,
1967,12,22.6,31,,,,,,,
1968,1,175.8,31,,,,,,,
1968,2,25.1,29,,,,,,,
1968,3,106.7,31,,,,,,,
1968,4,15.9,30,,,,,,,
1968,5,86.9,31,,,,,,,
1968,6,12.7,30,,,,,,,
1968,7,31.7,31,,,,,,,
1968,8,7.1,31,,,,,,,
1968,9,6.6,30,,,,,,,
1968,10,14.8,31,,,,,,,
1968,11,38.1,30,,,,,,,
1968,12,133.5,31,,,,,,,
1969,1,46.2,31,,,,,,,
1969,2,167,26,,,,,,,
1969,3,134.5,31,,,,,,,
1969,4,228.4,30,,,,,,,
1969,5,43.7,31,,,,,,,
1969,6,86.4,30,,,,,,,
1969,7,81.8,31,,,,,,,
1969,8,169.3,31,,,,,,,
1969,9,91.3,30,,,,,,,
1969,10,135.3,31,,,,,,,
1969,11,366.6,29,,,,,,,
1969,12,21.8,31,,,,,,,
1970,1,115.3,31,,,,,,,
1970,2,48.6,28,,,,,,,
1970,3,104.7,31,,,,,,,
1970,4,33.6,30,,,,,,,
1970,5,9.9,31,,,,,,,
1970,6,17.5,30,,,,,,,
1970,7,0.5,31,,,,,,,
1970,8,10.4,31,,,,,,,
1970,9,160,30,,,,,,,
1970,10,33.2,31,,,,,,,
1970,11,78.6,30,,,,,,,
1970,12,289.8,31,,,,,,,
1971,1,108.9,31,,,,,,,
1971,2,332.8,27,,,,,,,
1971,3,52.4,31,,,,,,,
1971,4,50,30,,,,,,,
1971,5,54.8,30,,,,,,,
1971,6,25.7,30,,,,,,,
1971,7,11.2,31,,,,,,,
1971,8,88.4,30,,,,,,,
1971,9,18.8,30,,,,,,,
1971,10,3.8,31,,,,,,,
1971,11,56.4,30,,,,,,,
1971,12,217.9,27,,,,,,,
1972,1,483.4,31,,,,,,,
1972,2,71,24,,,,,,,
1972,3,150.8,31,,,,,,,
1972,4,177.8,26,,,,,,,
1972,5,52.1,28,,,,,,,
1972,6,109,30,,,,,,,
1972,7,1.8,31,,,,,,,
1972,8,58.4,30,,,,,,,
1972,9,15.6,30,,,,,,,
1972,10,235.3,30,,,,,,,
1972,11,54.7,30,,,,,,,
1972,12,72.6,31,,,,,,,
1973,1,271.8,30,,,,,,,
1973,2,309.5,27,,,,,,,
1973,3,97.1,31,,,,,,,
1973,4,48.1,30,,,,,,,
1973,5,29.7,31,,,,,,,
1973,6,97.1,30,,,,,,,
1973,7,79.8,31,,,,,,,
1973,8,32.6,31,,,,,,,
1973,9,33.5,30,,,,,,,
1973,10,110.6,31,,,,,,,
1973,11,248.9,30,,,,,,,
1973,12,40.9,31,,,,,,,
1974,1,209.8,31,,,,,,,
1974,2,136,28,,,,,,,
1974,3,362.2,29,,,,,,,
1974,4,284.2,28,,,,,,,
1974,5,204.8,25,,,,,,,
1974,6,205.2,25,,,,,,,
1974,7,14.4,31,,,,,,,
1974,8,348,29,,,,,,,
1974,9,36.8,29,,,,,,,
1974,10,126.2,29,,,,,,,
1974,11,51.6,25,,,,,,,
1974,12,11.2,31,,,,,,,
1975,1,39,29,,,,,,,
1975,2,194.2,22,,,,,,,
1975,3,534,25,,,,,,,
1975,4,220.8,28,,,,,,,
1975,5,16.4,31,,,,,,,
1975,6,324.1,25,,,,,,,
1975,7,255,31,,,,,,,
1975,8,31,29,,,,,,,
1975,9,47.5,28,,,,,,,
1975,10,134.9,28,,,,,,,
1975,11,91.8,25,,,,,,,
1975,12,51.6,28,,,,,,,
1976,1,312.8,28,,,,,,,
1976,2,187.4,22,,,,,,,
1976,3,401.6,27,,,,,,,
1976,4,52.7,23,,,,,,,
1976,5,38.6,31,,,,,,,
1976,6,122.4,28,,,,,,,
1976,7,109.6,29,,,,,,,
1976,8,13,29,,,,,,,
1976,9,54.2,28,,,,,,,
1976,10,350.6,24,,,,,,,
1976,11,195.8,24,,,,,,,
1976,12,39.2,29,,,,,,,
1977,1,110.8,24,,,,,,,
1977,2,333.2,22,,,,,,,
1977,3,344.8,25,,,,,,,
1977,4,33.6,30,,,,,,,
1977,5,160.6,27,,,,,,,
1977,6,114.3,25,,,,,,,
1977,7,1.6,31,,,,,,,
1977,8,24,25,,,,,,,
1977,9,64.6,24,,,,,,,
1977,10,16.6,25,,,,,,,
1977,11,16.6,28,,,,,,,
1977,12,29.6,24,,,,,,,
1978,1,415.4,26,,,,,,,
1978,2,11.8,26,,,,,,,
1978,3,494.2,23,,,,,,,
1978,4,77.8,26,,,,,,,
1978,5,84.1,29,,,,,,,
1978,6,257.6,27,,,,,,,
1978,7,24.9,28,,,,,,,
1978,8,53.4,27,,,,,,,
1978,9,114.8,30,,,,,,,
1978,10,81,26,,,,,,,
1978,11,192.3,26,,,,,,,
1978,12,79.6,20,,,,,,,
1979,1,71.5,28,,,,,,,
1979,2,28.6,24,,,,,,,
1979,3,203.5,27,,,,,,,
1979,4,28.8,27,,,,,,,
1979,5,107.8,27,,,,,,,
1979,6,139.2,26,,,,,,,
1979,7,25.4,29,,,,,,,
1979,8,10.8,29,,,,,,,
1979,9,20.8,24,,,,,,,
1979,10,51.8,26,,,,,,,
1979,11,84.4,24,,,,,,,
1979,12,11.8,27,,,,,,,
1980,1,113.8,21,,,,,,,
1980,2,132.8,25,,,,,,,
1980,3,108.1,27,,,,,,,
1980,4,16.9,24,,,,,,,
1980,5,165.1,27,,,,,,,
1980,6,53.1,24,,,,,,,
1980,7,43.3,28,,,,,,,
1980,8,16.4,31,,,,,,,
1980,9,3.4,28,,,,,,,
1980,10,23.7,24,,,,,,,
1980,11,37.4,28,,,,,,,
1980,12,65.4,22,,,,,,,
1981,1,105.7,24,,,,,,,
1981,2,264.7,23,,,,,,,
1981,3,7.4,31,,,,,,,
1981,4,149.9,30,,,,,,,
1981,5,128.1,31,,,,,,,
1981,6,68.2,30,,,,,,,
1981,7,35.4,31,,,,,,,
1981,8,9.7,31,,,,,,,
1981,9,2.5,30,,,,,,,
1981,10,204.5,31,,,,,,,
1981,11,180.4,30,,,,,,,
1981,12,82.4,25,,,,,,,
1982,1,110.8,24,,,,,,,
1982,2,37.6,27,,,,,,,
1982,3,156.4,25,,,,,,,
1982,4,17.2,22,,,,,,,
1982,5,0,31,,,,,,,
1982,6,88.2,23,,,,,,,
1982,7,55.4,27,,,,,,,
1982,8,2.4,29,,,,,,,
1982,9,206.5,26,,,,,,,
1982,10,36.2,24,,,,,,,
1982,11,25.4,28,,,,,,,
1982,12,38.8,23,,,,,,,
1983,1,35.8,23,,,,,,,
1983,2,48.6,22,,,,,,,
1983,3,326.6,25,,,,,,,
1983,4,63.2,21,,,,,,,
1983,5,342.4,24,,,,,,,
1983,6,99.3,26,,,,,,,
1983,7,17.8,27,,,,,,,
1983,8,32.6,29,,,,,,,
1983,9,55.2,26,,,,,,,
1983,10,289.2,22,,,,,,,
1983,11,75.4,28,,,,,,,
1983,12,119,21,,,,,,,
1984,1,381.4,20,,,,,,,
1984,2,342.2,21,,,,,,,
1984,3,133,27,,,,,,,
1984,4,134.2,22,,,,,,,
1984,5,48.8,27,,,,,,,
1984,6,92,28,,,,,,,
1984,7,161.8,25,,,,,,,
1984,8,3.6,27,,,,,,,
1984,9,46,22,,,,,,,
1984,10,55,25,,,,,,,
1984,11,326.3,24,,,,,,,
1984,12,53.2,20,,,,,,,
1985,1,67,25,,,,,,,
1985,2,46.7,22,,,,,,,
1985,3,172,27,,,,,,,
1985,4,273.2,20,,,,,,,
1985,5,193.3,22,,,,,,,
1985,6,49.7,26,,,,,,,
1985,7,69.2,29,,,,,,,
1985,8,20.4,29,,,,,,,
1985,9,73.2,26,,,,,,,
1985,10,181.2,27,,,,,,,
1985,11,88.8,24,,,,,,,
1985,12,169.5,24,,,,,,,
1986,1,196.2,24,,,,,,,
1986,2,124.8,24,,,,,,,
1986,3,29.6,24,,,,,,,
1986,4,116.4,21,,,,,,,
1986,5,49.2,25,,,,,,,
1986,6,17.6,28,,,,,,,
1986,7,13.8,27,,,,,,,
1986,8,263.7,25,,,,,,,
1986,9,113.5,26,,,,,,,
1986,10,92,24,,,,,,,
1986,11,234.6,23,,,,,,,
1986,12,18.2,25,,,,,,,
1987,1,38.9,24,,,,,,,
1987,2,95.7,22,,,,,,,
1987,3,99.5,26,,,,,,,
1987,4,19,26,,,,,,,
1987,5,97.8,25,,,,,,,
1987,6,52,26,,,,,,,
1987,7,53.5,31,,,,,,,
1987,8,297.4,23,,,,,,,
1987,9,6.1,28,,,,,,,
1987,10,390.2,22,,,,,,,
1987,11,126.2,30,,,,,,,
1987,12,88,25,,,,,,,
1988,1,97,22,,,,,,,
1988,2,48.8,25,,,,,,,
1988,3,94.1,24,,,,,,,
1988,4,611.8,24,,,,,,,
1988,5,159.1,26,,,,,,,
1988,6,36.4,28,,,,,,,
1988,7,106,27,,,,,,,
1988,8,28.8,23,,,,,,,
1988,9,106.8,26,,,,,,,
1988,10,1.5,29,,,,,,,
1988,11,172,24,,,,1990,730.7,,
1988,12,133.5,21,,,,1991,148.6,,
1989,1,207.8,22,,,,1992,893.4,,
1989,2,85.2,22,,,,1993,419.4,,
1989,3,153,21,,,,1994,155.4,,
1989,4,369.3,22,,,,1995,334.2,,
1989,5,294.5,23,,,,1996,240.2,,
1989,6,251.8,23,,,,1997,362.6,,
1989,7,28.4,23,,,,1998,200.6,,
1989,8,21.6,25,,,,1999,353.6,,
1989,9,1.3,26,,,,2000,152.8,,
1989,10,10.9,27,,,,2001,218.4,,
1989,11,150.2,22,,,,2002,492.6,,
1989,12,175.4,27,,,,2003,212,,
1990,1,101.7,21,,,,2004,211.6,,
1990,2,453.6,20,,,,,,,
1990,3,191.2,25,,,,,,,
1990,4,448.4,21,,,,,,,
1990,5,252.6,25,,,,,,,
1990,6,28.2,25,,,,,,,
1990,7,50.8,31,,,,,,,
1990,8,228.2,25,,,,,,,
1990,9,66.5,22,,,,,,,
1990,10,33.3,24,,,,,,,
1990,11,67.8,24,,,,,,,
1990,12,12.8,27,,,,,,,
1991,1,70,26,,,,,,,
1991,2,65.8,22,,,,,,,
1991,3,1.6,27,,,,1994,308,,
1991,4,26.1,24,,,,1995,519.2,,
1991,5,105.8,25,,,,1996,264.1,,
1991,6,539.4,27,,,,1997,427.4,,
1991,7,74.6,27,,,,1998,237.6,,
1991,8,7.2,31,,,,1999,435.4,,
1991,9,16.6,30,,,,2000,318,,
1991,10,12.2,28,,,,2001,380,,
1991,11,37.5,26,,,,2002,692.4,,
1991,12,365.2,21,,,,2003,301.2,,
1992,1,96.8,23,,,,2004,321.4,,
1992,2,431.4,21,,,,,,,
1992,3,150.4,23,,,,,,,
1992,4,108.6,26,,,,,,,
1992,5,40.5,31,,,,,,,
1992,6,102.5,30,,,,,,,
1992,7,16.6,31,,,,,,,
1992,8,10.2,31,,,,,,,
1992,9,21.9,30,,,,,,,
1992,10,65.3,31,,,,,,,
1992,11,136.3,30,,,,,,,
1992,12,216.2,31,,,,,,,
1993,1,127,31,,,,1993,155.2,,
1993,2,76.2,28,,,,1994,168.2,,
1993,3,131.4,31,,,,1995,358.6,,
1993,4,17.6,30,,,,1996,382.8,,
1993,5,30.4,31,,,,1997,207.4,,
1993,6,40.8,30,,,,1998,421.6,,
1993,7,66.4,31,,,,1999,367.4,,
1993,8,67,31,,,,2000,139.8,,
1993,9,183,30,,,,2001,257,,
1993,10,67.6,31,,,,2002,143.4,,
1993,11,66,30,,,,,,,
1993,12,30.8,31,,,,,,,
1994,1,27.8,31,,,,,,,
1994,2,96.8,28,,,,,,,
1994,3,152.6,31,,,,,,,
1994,4,43,30,,,,,,,
1994,5,19.1,31,,,,,,,
1994,6,103.9,30,,,,,,,
1994,7,2.2,31,,,,,,,
1994,8,17.4,31,,,,,,,
1994,9,27.5,30,,,,,,,
1994,10,34,31,,,,,,,
1994,11,64,30,,,,,,,
1994,12,55.2,31,,,,,,,
1995,1,207.8,31,,,,,,,
1995,2,71.2,28,,,,,,,
1995,3,185,31,,,,,,,
1995,4,6.6,30,,,,,,,
1995,5,320.8,31,,,,,,,
1995,6,29.4,30,,,,,,,
1995,7,1.8,31,,,,,,,
1995,8,0.2,31,,,,,,Bream,
1995,9,201,30,,,,,1997,1995,432.2
1995,10,90.2,31,,,,,1998,1996,442.7
1995,11,112.3,30,,,,,1999,1997,472.2
1995,12,86.1,31,,,,,2000,1998,319.6
1996,1,105.3,31,,,,,2001,1999,498.2
1996,2,48.8,29,,,,,2002,2000,391.6
1996,3,23.9,31,,,,,2003,2001,481.4
1996,4,39.9,30,,,,,2004,2002,615.6
1996,5,207.4,31,,,,,2005,2003,246.8
1996,6,89.7,30,,,,,2006,2004,369.2
1996,7,45.8,31,,,,,,,
1996,8,147.1,31,,,,,,,
1996,9,110.1,30,,,,,,,
1996,10,47.2,31,,,,,,,
1996,11,62.4,30,,,,,,,
1996,12,60.6,31,,,,,,,
1997,1,148.8,30,,,,,,,
1997,2,153.2,28,,,,,,,
1997,3,64.8,31,,,,,,,
1997,4,4.2,30,,,,,,,
1997,5,70.4,31,,,,,,,
1997,6,86.6,30,,,,,,,
1997,7,46.2,31,,,,,,,
1997,8,24,31,,,,,,,
1997,9,91,30,,,,,,,
1997,10,86.8,31,,,,,,,
1997,11,32.2,30,,,,,,,
1997,12,40,31,,,,,,,
1998,1,101.8,31,,,,,,,
1998,2,58.8,28,,,,,,,
1998,3,37,31,,,,,,,
1998,4,79.2,30,,,,,,,
1998,5,133.2,31,,,,,,,
1998,6,117.6,30,,,,,,,
1998,7,91.6,31,,,,,,,
1998,8,784.4,31,,,,,,,
1998,9,89,30,,,,,,,
1998,10,23.8,31,,,,,,,
1998,11,120.8,30,,,,,,,
1998,12,25,31,,,,,,,
1999,1,169.2,31,,,,,,,
1999,2,159.4,28,,,,,,,
1999,3,81.8,31,,,,,,,
1999,4,76.4,30,,,,,,,
1999,5,38,31,,,,,,,
1999,6,68.6,30,,,,,,,
1999,7,184.4,31,,,,,,,
1999,8,29.4,31,,,,,,,
1999,9,30.4,30,,,,,,,
1999,10,198.6,31,,,,,,,
1999,11,40.2,30,,,,,,,
1999,12,100.4,31,,,,,,,
2000,1,31.4,31,,,,,,,
2000,2,21,29,,,,,,,
2000,3,165.2,31,,,,,,,
2000,4,46.2,30,,,,,,,
2000,5,29,30,,,,,,,
2000,6,32.2,30,,,,,,,
2000,7,32.4,31,,,,,,,
2000,8,41.2,30,,,,,,,
2000,9,54.6,30,,,,,,,
2000,10,79.4,30,,,,,,,
2000,11,183.6,29,,,,,,,
2000,12,36.6,30,,,,,,,
2001,1,68,31,,,,,,,
2001,2,113.8,28,,,,,,,
2001,3,161.6,31,,,,,,,
2001,4,60.2,30,,,,,,,
2001,5,53,31,,,,,,,
2001,6,11.2,30,,,,,,,
2001,7,132.6,31,,,,,,,
2001,8,47.6,31,,,,,,,
2001,9,15.2,30,,,,,,,
2001,10,31.8,31,,,,,,,
2001,11,91.2,30,,,,,,,
2001,12,63,31,,,,,,,
2002,1,61.6,31,,,,,,,
2002,2,368,27,,,,,,,
2002,3,199.8,30,,,,,,,
2002,4,22.8,30,,,,,,,
2002,5,45.8,31,,,,,,,
2002,6,12.8,30,,,,,,,
2002,7,62,31,,,,,,,
2002,8,14.6,31,,,,,,,
2002,9,7.2,30,,,,,,,
2002,10,21.8,31,,,,,,,
2002,11,13,30,,,,,,,
2002,12,58.8,31,,,,,,,
2003,1,45.2,31,,,,,,,
2003,2,108,28,,,,,,,
2003,3,89.2,31,,,,,,,
2003,4,199.2,30,,,,,,,
2003,5,343.6,30,,,,,,,
2003,6,93.2,30,,,,,,,
2003,7,13.2,31,,,,,,,
2003,8,35.6,31,,,,,,,
2003,9,4.8,30,,,,,,,
2003,10,57.2,31,,,,,,,
2003,11,100.4,30,,,,,,,
2003,12,29.8,31,,,,,,,
2004,1,70.6,30,,,,,,,
2004,2,111.2,29,,,,,,,
2004,3,109.8,31,,,,,,,
2004,4,282,30,,,,,,,
2004,5,4.2,31,,,,,,,
2004,6,18,30,,,,,,,
2004,7,40.6,31,,,,,,,
2004,8,40.6,31,,,,,,,
2004,9,57.8,30,,,,,,,
2004,10,233.8,30,,,,,,,
2004,11,62.8,30,,,,,,,
2004,12,93.2,31,,,,,,,
2005,1,69,31,,,,,,,
2005,2,72.6,28,,,,,,,
2005,3,56.2,30,,,,,,,
2005,4,24,29,,,,,,,
2005,5,31,31,,,,,,,
2005,6,64,30,,,,,,,
2005,7,178.4,31,,,,,,,
2005,8,3.6,31,,,,,,,
2005,9,52,29,,,,,,,
2005,10,55.6,31,,,,,,,
2005,11,211.2,30,,,,,,,
2005,12,37.8,31,,,,,,,
2006,1,132.6,31,,,,,,,
2006,2,57.8,28,,,,,,,
2006,3,19.6,31,,,,,,,
2006,4,1.6,30,,,,,,,
2006,5,39,31,,,,,,,
2006,6,78,30,,,,,,,
2006,7,56.8,31,,,,,,,
2006,8,22.6,31,,,,,,,
2006,9,151.4,30,,,,,,,
2006,10,13.4,31,,,,,,,
2006,11,32.2,29,,,,,,,
2006,12,86.6,31,,,,,,,
2007,1,26,31,,,,,,,
2007,2,154.4,28,,,,,,,
2007,3,94.8,30,,,,,,,
2007,4,163.2,29,,,,,,,
2007,5,23.8,30,,,,,,,
2007,6,293.6,30,,,,,,,
2007,7,24.2,31,,,,,,,
2007,8,105.2,31,,,,,,,
2007,9,49.4,30,,,,,,,
2007,10,22.1,31,,,,,,,
2007,11,124.2,30,,,,,,,
2007,12,190.2,28,,,,,,,
2008,1,99.4,31,,,,,,,
2008,2,388.4,24,,,,,,,
2008,3,55,28,,,,,,,
2008,4,96,30,,,,,,,
2008,5,10,31,,,,,,,
2008,6,107.8,30,,,,,,,
2008,7,35,31,,,,,,,
2008,8,35.6,28,,,,,,,
2008,9,49,30,,,,,,,
2008,10,65.8,28,,,,,,,
2008,11,36.4,30,,,,,,,
2008,12,85.6,30,,,,,,,
2009,1,26,30,,,,,,,
2009,2,120.2,22,,,,,,,
2009,3,21,29,,,,,,,
2009,4,146.4,29,,,,,,,
2009,5,111.4,31,,,,,,,
2009,6,82.2,29,,,,,,,
2009,7,56.8,31,,,,,,,
2009,8,6.6,31,,,,,,,
2009,9,14,30,,,,,,,
2009,10,87.6,27,,,,,,,
2009,11,62.8,29,,,,,,,
2009,12,63.6,31,,,,,,,
2010,1,45.2,31,,,,,,,
2010,2,235.8,27,,,,,,,
2010,3,139.8,30,,,,,,,
2010,4,31.6,30,,,,,,,
2010,5,87.2,31,,,,,,,
2010,6,65.2,28,,,,,,,
2010,7,64.8,31,,,,,,,
2010,8,34.8,30,,,,,,,
2010,9,109.8,28,,,,,,,
2010,10,65.2,24,,,,,,,
2010,11,127.8,27,,,,,,,
2010,12,131.6,30,,,,,,,
2011,1,56.2,30,,,,,,,
2011,2,41.2,27,,,,,,,
2011,3,236.2,29,,,,,,,
2011,4,72,19,,,,,,,
2011,5,60.6,31,,,,,,,
2011,6,92,30,,,,,,,
2011,7,149,31,,,,,,,
2011,8,51.4,29,,,,,,,
2011,9,81,26,,,,,,,
2011,10,117.2,26,,,,,,,
2011,11,170.2,27,,,,,,,
2011,12,83,23,,,,,,,
2012,1,214.6,29,,,,,,,
2012,2,310,21,,,,,,,
2012,3,226.2,30,,,,,,,
2012,4,0,9,,,,,,,
2012,5,16,31,,,,,,,
2012,6,137.6,18,,,,,,,
2012,7,30,31,,,,,,,
2012,8,10.8,30,,,,,,,
2012,9,16,30,,,,,,,
2012,10,77.6,29,,,,,,,
2012,11,73,24,,,,,,,
2012,12,15,30,,,,,,,
2013,1,210.2,31,,,,,,,
2013,2,98.8,20,,,,,,,
2013,3,48.8,31,,,,,,,
2013,4,119,26,,,,,,,
2013,5,133.6,30,,,,,,,
2013,6,172,30,,,,,,,
2013,7,7.8,31,,,,,,,
2013,8,0,31,,,,,,,
2013,9,53.6,30,,,,,,,
2013,10,1.4,31,,,,,,,
2013,11,167.6,21,,,,,,,
2013,12,68.2,31,,,,,,,
2014,1,39.6,30,,,,,,,
2014,2,42,15,,,,,,,
2014,3,175.2,30,,,,,,,
2014,4,62.4,30,,,,,,,
2014,5,1.2,31,,,,,,,
2014,6,48.4,30,,,,,,,
2014,7,1.6,31,,,,,,,
2014,8,107,29,,,,,,,
2014,9,19.2,30,,,,,,,
2014,10,39.6,31,,,,,,,
2014,11,36.8,29,,,,,,,
2014,12,80.4,29,,,,,,,
2015,1,88.2,25,,,,,,,
2015,2,75.8,27,,,,,,,
2015,3,28.6,26,,,,,,,
2015,4,210.2,27,,,,,,,
2015,5,60.8,31,,,,,,,
2015,6,38,26,,,,,,,
2015,7,22.4,31,,,,,,,
2015,8,81.8,26,,,,,,,
2015,9,41.2,16,,,,,,,
2015,10,27.4,30,,,,,,,
2015,11,125.8,29,,,,,,,
2015,12,69.2,31,,,,,,,
2016,1,196.8,31,,,,,,,
2016,2,56.8,29,,,,,,,
2016,3,105,31,,,,,,,
2016,4,39.2,30,,,,,,,
2016,5,12.8,30,,,,,,,
2016,6,102.6,28,,,,,,,
2016,7,44.8,27,,,,,,,
2016,8,98,31,,,,,,,
2016,9,54.6,29,,,,,,,
2016,10,14.8,31,,,,,,,
2016,11,43,30,,,,,,,
2016,12,57.6,31,,,,,,,
2017,1,57,29,,,,,,,
2017,2,124.2,25,,,,,,,
2017,3,284,31,,,,,,,
2017,4,49.8,30,,,,,,,
2017,5,42,31,,,,,,,
2017,6,109.4,30,,,,,,,
2017,7,3.2,31,,,,,,,
2017,8,32,31,,,,,,,
2017,9,0.6,30,,,,,,,
2017,10,49,31,,,,,,,
2017,11,84.8,29,,,,,,,
2017,12,79,31,,,,,,,
2018,1,53.6,31,,,,,,,
2018,2,81.4,27,,,,,,,
2018,3,107.2,31,,,,,,,
2018,4,33,30,,,,,,,
2018,5,8.6,30,,,,,,,
2018,6,101.6,29,,,,,,,
2018,7,0.4,31,,,,,,,
2018,8,17,31,,,,,,,
2018,9,55.2,30,,,,,,,
2018,10,134.4,31,,,,,,,
2018,11,116.8,30,,,,,,,
2018,12,89.2,31,,,,,,,
2019,1,74.4,31,,,,,,,
2019,2,62,28,,,,,,,
2019,3,161.8,31,,,,,,,
2019,4,41.8,30,,,,,,,
