Estuary,Year,Month,displacement,count
Lake Illawarra,1851,1,6559.20890405732,248
Lake Illawarra,1851,2,5622.32449899714,224
Lake Illawarra,1851,3,4264.32858167191,248
Lake Illawarra,1851,4,2114.66879555225,240
Lake Illawarra,1851,5,-520.72102112098,248
Lake Illawarra,1851,6,3530.17715458623,240
Lake Illawarra,1851,7,3524.88582476719,248
Lake Illawarra,1851,8,1747.52384977537,248
Lake Illawarra,1851,9,3336.05403786849,240
Lake Illawarra,1851,10,4967.25735505834,248
Lake Illawarra,1851,11,5917.46834562489,240
Lake Illawarra,1851,12,6895.98796777091,248
Lake Illawarra,1852,1,5936.19169206242,248
Lake Illawarra,1852,2,5358.69051139627,232
Lake Illawarra,1852,3,4269.27437119598,248
Lake Illawarra,1852,4,2723.53213404495,240
Lake Illawarra,1852,5,-1342.93344468347,248
Lake Illawarra,1852,6,963.778992906285,240
Lake Illawarra,1852,7,3997.69787970638,248
Lake Illawarra,1852,8,3878.75388298816,248
Lake Illawarra,1852,9,2578.19619611462,240
Lake Illawarra,1852,10,2643.45934357648,248
Lake Illawarra,1852,11,4852.81400108736,240
Lake Illawarra,1852,12,6775.24466591579,248
Lake Illawarra,1853,1,7077.64610119569,248
Lake Illawarra,1853,2,6165.37990660457,224
Lake Illawarra,1853,3,4501.34074996974,248
Lake Illawarra,1853,4,783.694615933731,240
Lake Illawarra,1853,5,671.268248309187,248
Lake Illawarra,1853,6,4763.31593542539,240
Lake Illawarra,1853,7,5682.29892801583,248
Lake Illawarra,1853,8,1877.06584498193,248
Lake Illawarra,1853,9,1607.36634956686,240
Lake Illawarra,1853,10,3428.55757358954,248
Lake Illawarra,1853,11,5005.51527858949,240
Lake Illawarra,1853,12,6132.81189952073,248
Lake Illawarra,1854,1,8775.60982614909,248
Lake Illawarra,1854,2,4455.19449385938,224
Lake Illawarra,1854,3,2456.81450217996,248
Lake Illawarra,1854,4,1571.47990229062,240
Lake Illawarra,1854,5,-1823.62721283861,248
Lake Illawarra,1854,6,2811.21656726685,240
Lake Illawarra,1854,7,6595.69723632219,248
Lake Illawarra,1854,8,7803.62424074832,248
Lake Illawarra,1854,9,1463.33266758018,240
Lake Illawarra,1854,10,3081.90653739318,248
Lake Illawarra,1854,11,4143.31245139868,240
Lake Illawarra,1854,12,5070.84841315649,248
Lake Illawarra,1855,1,8163.62911700586,248
Lake Illawarra,1855,2,5990.72212905979,224
Lake Illawarra,1855,3,3976.32291697246,248
Lake Illawarra,1855,4,1894.48007565516,240
Lake Illawarra,1855,5,861.16985761237,248
Lake Illawarra,1855,6,1444.27440305084,240
Lake Illawarra,1855,7,7378.92543666695,248
Lake Illawarra,1855,8,6939.5134567714,248
Lake Illawarra,1855,9,1914.64000929729,240
Lake Illawarra,1855,10,3039.2496151026,248
Lake Illawarra,1855,11,3562.56739631815,240
Lake Illawarra,1855,12,4912.8122224484,248
Lake Illawarra,1856,1,7007.24670231558,248
Lake Illawarra,1856,2,5440.5977346865,232
Lake Illawarra,1856,3,5335.34032116141,248
Lake Illawarra,1856,4,4643.53879941998,240
Lake Illawarra,1856,5,3025.04798025684,248
Lake Illawarra,1856,6,10485.3633744234,240
Lake Illawarra,1856,7,5613.66261123293,248
Lake Illawarra,1856,8,3319.34136888683,248
Lake Illawarra,1856,9,992.542062779618,240
Lake Illawarra,1856,10,2289.16500480258,248
Lake Illawarra,1856,11,5445.0293656457,240
Lake Illawarra,1856,12,5824.84477272173,248
Lake Illawarra,1857,1,8684.95607782587,248
Lake Illawarra,1857,2,4423.93566148114,224
Lake Illawarra,1857,3,5559.22199319124,248
Lake Illawarra,1857,4,2878.06743319603,240
Lake Illawarra,1857,5,1146.94869167897,248
Lake Illawarra,1857,6,5845.68407150134,240
Lake Illawarra,1857,7,7747.72500485141,248
Lake Illawarra,1857,8,2019.66824304056,248
Lake Illawarra,1857,9,2065.18431168953,240
Lake Illawarra,1857,10,2150.6182012703,248
Lake Illawarra,1857,11,4906.45237433605,240
Lake Illawarra,1857,12,4139.27068545249,248
Lake Illawarra,1858,1,7184.46424574392,248
Lake Illawarra,1858,2,5366.98769230042,224
Lake Illawarra,1858,3,4166.68937013587,248
Lake Illawarra,1858,4,1244.61129082855,240
Lake Illawarra,1858,5,743.381612640815,248
Lake Illawarra,1858,6,3596.1613617299,240
Lake Illawarra,1858,7,6060.82357108234,248
Lake Illawarra,1858,8,-721.755175007439,248
Lake Illawarra,1858,9,1649.76636692789,240
Lake Illawarra,1858,10,4656.93112699601,248
Lake Illawarra,1858,11,4307.84704776443,240
Lake Illawarra,1858,12,6737.72492353646,248
Lake Illawarra,1859,1,6139.98668900585,248
Lake Illawarra,1859,2,6019.48922399286,224
Lake Illawarra,1859,3,3529.70546107804,248
Lake Illawarra,1859,4,2549.22439463833,240
Lake Illawarra,1859,5,1446.07037630966,248
Lake Illawarra,1859,6,3159.67385514915,240
Lake Illawarra,1859,7,4667.48702052879,248
Lake Illawarra,1859,8,4422.87297670459,248
Lake Illawarra,1859,9,3154.39721829327,240
Lake Illawarra,1859,10,949.075479230704,248
Lake Illawarra,1859,11,4684.99389989851,240
Lake Illawarra,1859,12,4591.04510779151,248
Lake Illawarra,1860,1,5142.69567933733,248
Lake Illawarra,1860,2,5970.49721506002,232
Lake Illawarra,1860,3,4579.60574304436,248
Lake Illawarra,1860,4,1224.55950603228,240
Lake Illawarra,1860,5,1273.51037897145,248
Lake Illawarra,1860,6,5580.65828555497,240
Lake Illawarra,1860,7,-490.041272401131,248
Lake Illawarra,1860,8,1587.25816640099,248
Lake Illawarra,1860,9,2333.44389406785,240
Lake Illawarra,1860,10,1345.25544318984,248
Lake Illawarra,1860,11,2891.03329826253,240
Lake Illawarra,1860,12,4257.85532809495,248
Lake Illawarra,1861,1,5315.19309644495,248
Lake Illawarra,1861,2,5107.48017243653,224
Lake Illawarra,1861,3,3846.03286643766,248
Lake Illawarra,1861,4,3397.94931845946,240
Lake Illawarra,1861,5,1577.31663577556,248
Lake Illawarra,1861,6,4781.18422779304,240
Lake Illawarra,1861,7,8570.61181687362,248
Lake Illawarra,1861,8,2213.49652093568,248
Lake Illawarra,1861,9,1733.81636587522,240
Lake Illawarra,1861,10,2939.53393443285,248
Lake Illawarra,1861,11,4616.18608892264,240
Lake Illawarra,1861,12,2521.05463932406,248
Lake Illawarra,1862,1,3591.96801756595,248
Lake Illawarra,1862,2,4821.2181066627,224
Lake Illawarra,1862,3,3499.16196865415,248
Lake Illawarra,1862,4,2483.20703568502,240
Lake Illawarra,1862,5,5380.8294307001,248
Lake Illawarra,1862,6,4018.71977618468,240
Lake Illawarra,1862,7,13596.238548175,248
Lake Illawarra,1862,8,6554.23009220872,248
Lake Illawarra,1862,9,3594.88278938864,240
Lake Illawarra,1862,10,1665.2305864722,248
Lake Illawarra,1862,11,1870.00508639475,240
Lake Illawarra,1862,12,3331.4652982214,248
Lake Illawarra,1863,1,5164.74584971948,248
Lake Illawarra,1863,2,5109.57321143797,224
Lake Illawarra,1863,3,4961.93897152851,248
Lake Illawarra,1863,4,1758.26697561988,240
Lake Illawarra,1863,5,643.865438523764,248
Lake Illawarra,1863,6,6830.38482840122,240
Lake Illawarra,1863,7,5101.02845723466,248
Lake Illawarra,1863,8,7360.11216562895,248
Lake Illawarra,1863,9,1967.05088668719,240
Lake Illawarra,1863,10,1950.99103603006,248
Lake Illawarra,1863,11,4329.12830146585,240
Lake Illawarra,1863,12,4003.66548674326,248
Lake Illawarra,1864,1,7620.74742406856,248
Lake Illawarra,1864,2,6426.46425281352,232
Lake Illawarra,1864,3,5211.89021411749,248
Lake Illawarra,1864,4,2278.24060814476,240
Lake Illawarra,1864,5,1927.39521653366,248
Lake Illawarra,1864,6,3901.64051254118,240
Lake Illawarra,1864,7,6916.48328972409,248
Lake Illawarra,1864,8,10781.7948131364,248
Lake Illawarra,1864,9,1984.47368952892,240
Lake Illawarra,1864,10,3193.95804309794,248
Lake Illawarra,1864,11,4073.54014073474,240
Lake Illawarra,1864,12,5326.38854422635,248
Lake Illawarra,1865,1,5908.42867683315,248
Lake Illawarra,1865,2,4858.49455242721,224
Lake Illawarra,1865,3,5429.14651135514,248
Lake Illawarra,1865,4,1909.58063130448,240
Lake Illawarra,1865,5,6127.2857553346,248
Lake Illawarra,1865,6,4944.33455044069,240
Lake Illawarra,1865,7,6436.81176035036,248
Lake Illawarra,1865,8,1586.60135561859,248
Lake Illawarra,1865,9,2013.84488109791,240
Lake Illawarra,1865,10,2889.02863772937,248
Lake Illawarra,1865,11,4486.08688212615,240
Lake Illawarra,1865,12,3760.80125583491,248
Lake Illawarra,1866,1,5345.47472321342,248
Lake Illawarra,1866,2,4987.25345530388,224
Lake Illawarra,1866,3,3627.62918978523,248
Lake Illawarra,1866,4,2652.12864012226,240
Lake Illawarra,1866,5,3506.57060475029,248
Lake Illawarra,1866,6,3956.20332300709,240
Lake Illawarra,1866,7,4130.73611315977,248
Lake Illawarra,1866,8,3832.61155168508,248
Lake Illawarra,1866,9,2493.90720591314,240
Lake Illawarra,1866,10,2252.90402504616,248
Lake Illawarra,1866,11,3930.20299462575,240
Lake Illawarra,1866,12,4705.73313899755,248
Lake Illawarra,1867,1,4326.65370223852,248
Lake Illawarra,1867,2,4451.02880801931,224
Lake Illawarra,1867,3,4568.83429458606,248
Lake Illawarra,1867,4,2280.37453527102,240
Lake Illawarra,1867,5,2028.47977418107,248
Lake Illawarra,1867,6,4361.38815072875,240
Lake Illawarra,1867,7,6016.10592182657,248
Lake Illawarra,1867,8,2762.31156785638,248
Lake Illawarra,1867,9,4215.35280614523,240
Lake Illawarra,1867,10,3531.83234038843,248
Lake Illawarra,1867,11,3586.18950210319,240
Lake Illawarra,1867,12,4479.65994023328,248
Lake Illawarra,1868,1,5608.5707753987,248
Lake Illawarra,1868,2,2189.2809087782,232
Lake Illawarra,1868,3,5033.86895406901,248
Lake Illawarra,1868,4,3356.61538692894,240
Lake Illawarra,1868,5,463.170021026699,248
Lake Illawarra,1868,6,9894.23047110702,240
Lake Illawarra,1868,7,5897.73302196496,248
Lake Illawarra,1868,8,3159.45806194362,248
Lake Illawarra,1868,9,4194.92759644891,240
Lake Illawarra,1868,10,2218.98413533318,248
Lake Illawarra,1868,11,4533.82674910186,240
Lake Illawarra,1868,12,4725.9898066727,248
Lake Illawarra,1869,1,4880.6242308287,248
Lake Illawarra,1869,2,3405.92535485486,224
Lake Illawarra,1869,3,5485.80639800011,248
Lake Illawarra,1869,4,3191.5924942276,240
Lake Illawarra,1869,5,2005.1760184622,248
Lake Illawarra,1869,6,6101.63965599244,240
Lake Illawarra,1869,7,1450.68165244471,248
Lake Illawarra,1869,8,2485.67392588806,248
Lake Illawarra,1869,9,2213.97262916021,240
Lake Illawarra,1869,10,3103.55650128156,248
Lake Illawarra,1869,11,2863.72778914866,240
Lake Illawarra,1869,12,4736.68582259255,248
Lake Illawarra,1870,1,3852.86418097298,248
Lake Illawarra,1870,2,3212.30408405669,224
Lake Illawarra,1870,3,3713.4692340021,248
Lake Illawarra,1870,4,2161.77353971609,240
Lake Illawarra,1870,5,712.981306445099,248
Lake Illawarra,1870,6,5842.48742057015,240
Lake Illawarra,1870,7,4857.26707220598,248
Lake Illawarra,1870,8,7764.82575623612,248
Lake Illawarra,1870,9,2970.35170853988,240
Lake Illawarra,1870,10,1871.54121250599,248
Lake Illawarra,1870,11,2613.77558411425,240
Lake Illawarra,1870,12,5177.28211275342,248
Lake Illawarra,1871,1,5858.79441602963,248
Lake Illawarra,1871,2,4347.2765022023,224
Lake Illawarra,1871,3,4655.30238528555,248
Lake Illawarra,1871,4,2333.66829265821,240
Lake Illawarra,1871,5,5085.47594351039,248
Lake Illawarra,1871,6,5223.6333530585,240
Lake Illawarra,1871,7,6092.49567899348,248
Lake Illawarra,1871,8,2630.33308299035,248
Lake Illawarra,1871,9,1550.84100176725,240
Lake Illawarra,1871,10,2372.5381401988,248
Lake Illawarra,1871,11,3380.19061081038,240
Lake Illawarra,1871,12,4657.05744549921,248
Lake Illawarra,1872,1,6315.80079802143,248
Lake Illawarra,1872,2,4235.14677192399,232
Lake Illawarra,1872,3,2920.12895059783,248
Lake Illawarra,1872,4,706.707480223122,240
Lake Illawarra,1872,5,2557.85883145767,248
Lake Illawarra,1872,6,7891.27947450101,240
Lake Illawarra,1872,7,6858.08530467077,248
Lake Illawarra,1872,8,1718.89629770879,248
Lake Illawarra,1872,9,2745.69468121616,240
Lake Illawarra,1872,10,1369.57303817298,248
Lake Illawarra,1872,11,2388.00594558414,240
Lake Illawarra,1872,12,3557.28791222872,248
Lake Illawarra,1873,1,5381.5878512552,248
Lake Illawarra,1873,2,4215.82443315555,224
Lake Illawarra,1873,3,3117.41063441653,248
Lake Illawarra,1873,4,2158.01721339145,240
Lake Illawarra,1873,5,718.612453336136,248
Lake Illawarra,1873,6,3020.03171545372,240
Lake Illawarra,1873,7,94.3176935031101,248
Lake Illawarra,1873,8,4313.7291863507,248
Lake Illawarra,1873,9,3316.67925973056,240
Lake Illawarra,1873,10,1748.11929971964,248
Lake Illawarra,1873,11,5182.50583255359,240
Lake Illawarra,1873,12,5502.71070459652,248
Lake Illawarra,1874,1,7221.0740362993,248
Lake Illawarra,1874,2,5435.29335483948,224
Lake Illawarra,1874,3,3486.20419333964,248
Lake Illawarra,1874,4,2233.4184568571,240
Lake Illawarra,1874,5,11167.0031919023,248
Lake Illawarra,1874,6,6599.647928044,240
Lake Illawarra,1874,7,7243.65229462374,248
Lake Illawarra,1874,8,5827.76104877393,248
Lake Illawarra,1874,9,3140.83911399497,240
Lake Illawarra,1874,10,2421.84037664164,248
Lake Illawarra,1874,11,3350.54558045835,240
Lake Illawarra,1874,12,4717.3192347785,248
Lake Illawarra,1875,1,5036.22781918178,248
Lake Illawarra,1875,2,3160.54431748402,224
Lake Illawarra,1875,3,3092.72929600782,248
Lake Illawarra,1875,4,1775.52846160264,240
Lake Illawarra,1875,5,3178.1365759676,248
Lake Illawarra,1875,6,8085.39155365418,240
Lake Illawarra,1875,7,2117.94165952844,248
Lake Illawarra,1875,8,5948.42699052635,248
Lake Illawarra,1875,9,4342.52051446986,240
Lake Illawarra,1875,10,1551.4584579265,248
Lake Illawarra,1875,11,2790.75283398379,240
Lake Illawarra,1875,12,2704.13250891845,248
Lake Illawarra,1876,1,4266.93965195119,248
Lake Illawarra,1876,2,3768.1498994592,232
Lake Illawarra,1876,3,4655.44480319022,248
Lake Illawarra,1876,4,1686.10830432477,240
Lake Illawarra,1876,5,1325.52258850338,248
Lake Illawarra,1876,6,3595.08691644934,240
Lake Illawarra,1876,7,4492.01236783889,248
Lake Illawarra,1876,8,1023.02594294662,248
Lake Illawarra,1876,9,2802.4693183895,240
Lake Illawarra,1876,10,2431.63820243896,248
Lake Illawarra,1876,11,3177.08162748819,240
Lake Illawarra,1876,12,4365.49319641099,248
Lake Illawarra,1877,1,5974.09314808431,248
Lake Illawarra,1877,2,5138.40333826924,224
Lake Illawarra,1877,3,3164.73368422902,248
Lake Illawarra,1877,4,1102.4580929735,240
Lake Illawarra,1877,5,7194.76800864366,248
Lake Illawarra,1877,6,996.525951862759,240
Lake Illawarra,1877,7,2670.73944687427,248
Lake Illawarra,1877,8,3090.71415427298,248
Lake Illawarra,1877,9,1828.94532384975,240
Lake Illawarra,1877,10,2134.93755971845,248
Lake Illawarra,1877,11,2564.76898679469,240
Lake Illawarra,1877,12,3323.39722036622,248
Lake Illawarra,1878,1,5049.09604021806,248
Lake Illawarra,1878,2,4210.37751872427,224
Lake Illawarra,1878,3,3527.75817031543,248
Lake Illawarra,1878,4,2895.87731866864,240
Lake Illawarra,1878,5,3245.45804339869,248
Lake Illawarra,1878,6,6365.19224052342,240
Lake Illawarra,1878,7,7508.56131773726,248
Lake Illawarra,1878,8,7598.31102074192,248
Lake Illawarra,1878,9,2942.12289264235,240
Lake Illawarra,1878,10,3321.94038106626,248
Lake Illawarra,1878,11,3599.47650154672,240
Lake Illawarra,1878,12,4566.00113068715,248
Lake Illawarra,1879,1,7278.53922616733,248
Lake Illawarra,1879,2,4970.06493791773,224
Lake Illawarra,1879,3,5597.91353845215,248
Lake Illawarra,1879,4,4728.64355099751,240
Lake Illawarra,1879,5,9817.12205812619,248
Lake Illawarra,1879,6,6819.31774257552,240
Lake Illawarra,1879,7,3586.33298908393,248
Lake Illawarra,1879,8,6707.5767462345,248
Lake Illawarra,1879,9,5901.07093601046,240
Lake Illawarra,1879,10,721.685803777865,248
Lake Illawarra,1879,11,1268.55146810832,240
Lake Illawarra,1879,12,3696.42600114577,248
Lake Illawarra,1880,1,8141.9141789176,248
Lake Illawarra,1880,2,4235.51543656009,232
Lake Illawarra,1880,3,4065.99445453431,248
Lake Illawarra,1880,4,4338.89300145748,240
Lake Illawarra,1880,5,5323.12311526576,248
Lake Illawarra,1880,6,4746.12832838421,240
Lake Illawarra,1880,7,5331.65062715349,248
Lake Illawarra,1880,8,6240.86499835179,248
Lake Illawarra,1880,9,3185.82294591996,240
Lake Illawarra,1880,10,2416.68103757719,248
Lake Illawarra,1880,11,3543.16936059098,240
Lake Illawarra,1880,12,4642.37039860783,248
Lake Illawarra,1881,1,7456.5092300212,248
Lake Illawarra,1881,2,5249.77584466156,224
Lake Illawarra,1881,3,6748.2002943068,248
Lake Illawarra,1881,4,2258.47399900644,240
Lake Illawarra,1881,5,3369.99093712317,248
Lake Illawarra,1881,6,8420.58313485323,240
Lake Illawarra,1881,7,2366.41013352125,248
Lake Illawarra,1881,8,2577.66886913337,248
Lake Illawarra,1881,9,4015.79292287231,240
Lake Illawarra,1881,10,3223.31678618776,248
Lake Illawarra,1881,11,2976.50942505317,240
Lake Illawarra,1881,12,5722.8441246173,248
Lake Illawarra,1882,1,7416.64805491867,248
Lake Illawarra,1882,2,6058.65985270685,224
Lake Illawarra,1882,3,4825.65709140587,248
Lake Illawarra,1882,4,2841.50047533071,240
Lake Illawarra,1882,5,5339.36939868058,248
Lake Illawarra,1882,6,8709.44903810794,240
Lake Illawarra,1882,7,6326.71904815951,248
Lake Illawarra,1882,8,4073.3286018113,248
Lake Illawarra,1882,9,2329.11846735978,240
Lake Illawarra,1882,10,4473.0016435944,248
Lake Illawarra,1882,11,4634.82028016088,240
Lake Illawarra,1882,12,2211.2152402855,248
Lake Illawarra,1883,1,6576.7698189661,248
Lake Illawarra,1883,2,4441.18270837251,224
Lake Illawarra,1883,3,4991.58179407546,248
Lake Illawarra,1883,4,2180.42748841076,240
Lake Illawarra,1883,5,7991.54539963135,248
Lake Illawarra,1883,6,5330.75388038787,240
Lake Illawarra,1883,7,6695.69769184774,248
Lake Illawarra,1883,8,2291.35844311757,248
Lake Illawarra,1883,9,4906.60037279215,240
Lake Illawarra,1883,10,3948.98889528588,248
Lake Illawarra,1883,11,3914.84894768204,240
Lake Illawarra,1883,12,3359.59455855156,248
Lake Illawarra,1884,1,2188.67101082174,248
Lake Illawarra,1884,2,6729.46437641115,232
Lake Illawarra,1884,3,6439.26159797168,248
Lake Illawarra,1884,4,2552.9715668,240
Lake Illawarra,1884,5,6535.87064892313,248
Lake Illawarra,1884,6,3837.01364365261,240
Lake Illawarra,1884,7,2764.28843624352,248
Lake Illawarra,1884,8,4765.89197447136,248
Lake Illawarra,1884,9,2408.16935907007,240
Lake Illawarra,1884,10,2849.64295292089,248
Lake Illawarra,1884,11,3682.55068161414,240
Lake Illawarra,1884,12,2955.10446477838,248
Lake Illawarra,1885,1,5408.66250549174,248
Lake Illawarra,1885,2,3814.15386582177,224
Lake Illawarra,1885,3,6777.38335016662,248
Lake Illawarra,1885,4,3331.29870268777,240
Lake Illawarra,1885,5,3841.35913410624,248
Lake Illawarra,1885,6,10372.0967737267,240
Lake Illawarra,1885,7,3216.61768091823,248
Lake Illawarra,1885,8,4177.09375592857,248
Lake Illawarra,1885,9,4062.05074392441,240
Lake Illawarra,1885,10,2085.69518777717,248
Lake Illawarra,1885,11,3422.36074159761,240
Lake Illawarra,1885,12,6676.02221317831,248
Lake Illawarra,1886,1,5381.17673346841,248
Lake Illawarra,1886,2,3299.84622978679,224
Lake Illawarra,1886,3,6115.39382108097,248
Lake Illawarra,1886,4,2973.68967095356,240
Lake Illawarra,1886,5,6194.15147315755,248
Lake Illawarra,1886,6,2060.25034686777,240
Lake Illawarra,1886,7,4144.57967487404,248
Lake Illawarra,1886,8,7523.72819431235,248
Lake Illawarra,1886,9,3438.07959989351,240
Lake Illawarra,1886,10,5220.10247057777,248
Lake Illawarra,1886,11,2937.37421096375,240
Lake Illawarra,1886,12,4526.88197231688,248
Lake Illawarra,1887,1,4935.5882544532,248
Lake Illawarra,1887,2,2954.50139709548,224
Lake Illawarra,1887,3,6852.4423135161,248
Lake Illawarra,1887,4,2877.35484548926,240
Lake Illawarra,1887,5,3271.74321638029,248
Lake Illawarra,1887,6,12137.086024741,240
Lake Illawarra,1887,7,7901.37653304757,248
Lake Illawarra,1887,8,2148.9009880584,248
Lake Illawarra,1887,9,6879.36655095956,240
Lake Illawarra,1887,10,2485.67751411349,248
Lake Illawarra,1887,11,3059.23880782116,240
Lake Illawarra,1887,12,7043.46174472715,248
Lake Illawarra,1888,1,6298.51584011673,248
Lake Illawarra,1888,2,5723.86040901107,232
Lake Illawarra,1888,3,5948.96880990015,248
Lake Illawarra,1888,4,4081.23539610467,240
Lake Illawarra,1888,5,1238.40502599427,248
Lake Illawarra,1888,6,5494.50716091816,240
Lake Illawarra,1888,7,6986.51919762773,248
Lake Illawarra,1888,8,4572.49883170308,248
Lake Illawarra,1888,9,2363.36393732251,240
Lake Illawarra,1888,10,3003.07137431695,248
Lake Illawarra,1888,11,2422.04494237115,240
Lake Illawarra,1888,12,5707.64595721519,248
Lake Illawarra,1889,1,2416.38917158656,248
Lake Illawarra,1889,2,1295.99196117879,224
Lake Illawarra,1889,3,6978.99870508591,248
Lake Illawarra,1889,4,3136.74543396094,240
Lake Illawarra,1889,5,3812.12556434359,248
Lake Illawarra,1889,6,14589.1887980933,240
Lake Illawarra,1889,7,1631.43010259989,248
Lake Illawarra,1889,8,5343.5471137774,248
Lake Illawarra,1889,9,2796.90608560554,240
Lake Illawarra,1889,10,3722.1592781941,248
Lake Illawarra,1889,11,4558.00388307329,240
Lake Illawarra,1889,12,5005.14337383091,248
Lake Illawarra,1890,1,9393.89181034609,248
Lake Illawarra,1890,2,5614.72046361137,224
Lake Illawarra,1890,3,6374.51576680661,248
Lake Illawarra,1890,4,460.754967563401,240
Lake Illawarra,1890,5,2345.83419653468,248
Lake Illawarra,1890,6,8801.85026814183,240
Lake Illawarra,1890,7,10533.7851952535,248
Lake Illawarra,1890,8,6473.01547475879,248
Lake Illawarra,1890,9,2811.84730547945,240
Lake Illawarra,1890,10,1962.10831218365,248
Lake Illawarra,1890,11,4116.2715181988,240
Lake Illawarra,1890,12,3274.63727171081,248
Lake Illawarra,1891,1,5613.64036836938,248
Lake Illawarra,1891,2,4505.11471595156,224
Lake Illawarra,1891,3,4908.05631333932,248
Lake Illawarra,1891,4,3547.93962955176,240
Lake Illawarra,1891,5,4471.27625581027,248
Lake Illawarra,1891,6,13834.4068081644,240
Lake Illawarra,1891,7,9407.71398470588,248
Lake Illawarra,1891,8,5814.06767598991,248
Lake Illawarra,1891,9,5358.28222196723,240
Lake Illawarra,1891,10,2693.57060101567,248
Lake Illawarra,1891,11,2007.9642122369,240
Lake Illawarra,1891,12,3249.75702382951,248
Lake Illawarra,1892,1,8050.59155965792,248
Lake Illawarra,1892,2,5159.49871542992,232
Lake Illawarra,1892,3,2412.25034677817,248
Lake Illawarra,1892,4,1872.31785708709,240
Lake Illawarra,1892,5,2832.06465666011,248
Lake Illawarra,1892,6,6775.67086741819,240
Lake Illawarra,1892,7,5235.12392045137,248
Lake Illawarra,1892,8,5896.81222786198,248
Lake Illawarra,1892,9,4631.77910527851,240
Lake Illawarra,1892,10,3766.81418524808,248
Lake Illawarra,1892,11,3900.3044419012,240
Lake Illawarra,1892,12,3444.04138863803,248
Lake Illawarra,1893,1,3833.18300034143,248
Lake Illawarra,1893,2,5550.95745983996,224
Lake Illawarra,1893,3,4914.13062493044,248
Lake Illawarra,1893,4,3323.23893202128,240
Lake Illawarra,1893,5,6039.24643277713,248
Lake Illawarra,1893,6,10818.7038227426,240
Lake Illawarra,1893,7,12420.5354767263,248
Lake Illawarra,1893,8,4663.70769115346,248
Lake Illawarra,1893,9,5285.05403057781,240
Lake Illawarra,1893,10,2151.85912699225,248
Lake Illawarra,1893,11,2931.02349730011,240
Lake Illawarra,1893,12,3019.33010510044,248
Lake Illawarra,1894,1,7003.34102233539,248
Lake Illawarra,1894,2,5782.93954965611,224
Lake Illawarra,1894,3,7583.90946818856,248
Lake Illawarra,1894,4,5993.16233784863,240
Lake Illawarra,1894,5,4614.17987004221,248
Lake Illawarra,1894,6,9063.60845774078,240
Lake Illawarra,1894,7,9116.18321906543,248
Lake Illawarra,1894,8,5935.1331486522,248
Lake Illawarra,1894,9,2714.40691753517,240
Lake Illawarra,1894,10,3289.41303609387,248
Lake Illawarra,1894,11,2610.29954379304,240
Lake Illawarra,1894,12,6359.12196420335,248
Lake Illawarra,1895,1,7082.05716286943,248
Lake Illawarra,1895,2,5574.10109432524,224
Lake Illawarra,1895,3,3769.93034534482,248
Lake Illawarra,1895,4,1085.4533802209,240
Lake Illawarra,1895,5,1537.05752395685,248
Lake Illawarra,1895,6,7423.0223898248,240
Lake Illawarra,1895,7,11143.6602440783,248
Lake Illawarra,1895,8,4340.50638385763,248
Lake Illawarra,1895,9,5835.36118632107,240
Lake Illawarra,1895,10,2663.07207541491,248
Lake Illawarra,1895,11,3383.34876730306,240
Lake Illawarra,1895,12,14.3870786353974,248
Lake Illawarra,1896,1,1865.65685279225,248
Lake Illawarra,1896,2,6574.20921618696,232
Lake Illawarra,1896,3,3190.31487561922,248
Lake Illawarra,1896,4,3617.31144640415,240
Lake Illawarra,1896,5,4190.6212445272,248
Lake Illawarra,1896,6,11329.2567984202,240
Lake Illawarra,1896,7,6751.10147593088,248
Lake Illawarra,1896,8,4209.0438988413,248
Lake Illawarra,1896,9,1344.69099988982,240
Lake Illawarra,1896,10,1240.25835618901,248
Lake Illawarra,1896,11,2990.16962151885,240
Lake Illawarra,1896,12,1235.82248085331,248
Lake Illawarra,1897,1,1472.02388049672,248
Lake Illawarra,1897,2,2589.17210005993,224
Lake Illawarra,1897,3,3973.6418775256,248
Lake Illawarra,1897,4,2001.31490771047,240
Lake Illawarra,1897,5,2437.91910140508,248
Lake Illawarra,1897,6,2031.26584448596,240
Lake Illawarra,1897,7,7812.24172021907,248
Lake Illawarra,1897,8,6198.63709473366,248
Lake Illawarra,1897,9,3444.48512245729,240
Lake Illawarra,1897,10,2863.96823019728,248
Lake Illawarra,1897,11,2473.16852916099,240
Lake Illawarra,1897,12,6004.02989675321,248
Lake Illawarra,1898,1,4560.00730034042,248
Lake Illawarra,1898,2,5999.56539260649,224
Lake Illawarra,1898,3,7779.47665040957,248
Lake Illawarra,1898,4,2500.01997459062,240
Lake Illawarra,1898,5,4294.3736898503,248
Lake Illawarra,1898,6,3481.77183351418,240
Lake Illawarra,1898,7,4738.04789853469,248
Lake Illawarra,1898,8,5512.4128516235,248
Lake Illawarra,1898,9,2554.11150471739,240
Lake Illawarra,1898,10,2958.99632434398,248
Lake Illawarra,1898,11,1300.56812162954,240
Lake Illawarra,1898,12,6577.18777867321,248
Lake Illawarra,1899,1,6052.32733834805,248
Lake Illawarra,1899,2,7616.59746884879,224
Lake Illawarra,1899,3,5779.78128145375,248
Lake Illawarra,1899,4,2714.6561130717,240
Lake Illawarra,1899,5,4356.20337958786,248
Lake Illawarra,1899,6,9630.67504919061,240
Lake Illawarra,1899,7,3593.6792568433,248
Lake Illawarra,1899,8,3780.42487095819,248
Lake Illawarra,1899,9,1604.06326067721,240
Lake Illawarra,1899,10,1804.45063175944,248
Lake Illawarra,1899,11,308.31824626227,240
Lake Illawarra,1899,12,1113.09796001569,248
Lake Illawarra,1900,1,6028.64790510152,248
Lake Illawarra,1900,2,4394.75233394661,224
Lake Illawarra,1900,3,3839.60603574641,248
Lake Illawarra,1900,4,2288.99486576341,240
Lake Illawarra,1900,5,3972.78048587655,248
Lake Illawarra,1900,6,7502.50231106325,240
Lake Illawarra,1900,7,7044.87417597174,248
Lake Illawarra,1900,8,4303.02988907452,248
Lake Illawarra,1900,9,911.201765674426,240
Lake Illawarra,1900,10,2811.49227506056,248
Lake Illawarra,1900,11,3162.77888150694,240
Lake Illawarra,1900,12,2577.9994711256,248
Lake Illawarra,1901,1,2623.02468137722,248
Lake Illawarra,1901,2,5010.9129490284,224
Lake Illawarra,1901,3,4757.63981811805,248
Lake Illawarra,1901,4,4198.34083178798,240
Lake Illawarra,1901,5,3162.62257813711,248
Lake Illawarra,1901,6,7458.23770977885,240
Lake Illawarra,1901,7,6654.72031673596,248
Lake Illawarra,1901,8,5256.01110343759,248
Lake Illawarra,1901,9,2821.55836386273,240
Lake Illawarra,1901,10,2032.91057923749,248
Lake Illawarra,1901,11,2952.67579508236,240
Lake Illawarra,1901,12,4103.35748154469,248
Lake Illawarra,1902,1,3459.33965966175,248
Lake Illawarra,1902,2,6245.41409527465,224
Lake Illawarra,1902,3,4563.15658657622,248
Lake Illawarra,1902,4,3892.39455212519,240
Lake Illawarra,1902,5,1263.77931745802,248
Lake Illawarra,1902,6,3812.69764250086,240
Lake Illawarra,1902,7,5562.74371635158,248
Lake Illawarra,1902,8,1821.48682809331,248
Lake Illawarra,1902,9,3264.67815965756,240
Lake Illawarra,1902,10,1730.37519504677,248
Lake Illawarra,1902,11,838.508576420984,240
Lake Illawarra,1902,12,2280.85070875592,248
Lake Illawarra,1903,1,4895.59488254662,248
Lake Illawarra,1903,2,4247.15755791692,224
Lake Illawarra,1903,3,5358.2123141234,248
Lake Illawarra,1903,4,2377.42091798118,240
Lake Illawarra,1903,5,3960.88301273723,248
Lake Illawarra,1903,6,6303.48345632153,240
Lake Illawarra,1903,7,8826.74520826005,248
Lake Illawarra,1903,8,2062.75935815504,248
Lake Illawarra,1903,9,4298.06415119997,240
Lake Illawarra,1903,10,2745.36751757799,248
Lake Illawarra,1903,11,4568.06873491187,240
Lake Illawarra,1903,12,4621.97132526275,248
Lake Illawarra,1904,1,6944.57184726072,248
Lake Illawarra,1904,2,5257.1515864654,232
Lake Illawarra,1904,3,4841.58986420004,248
Lake Illawarra,1904,4,4326.11264712889,240
Lake Illawarra,1904,5,6192.59698144151,248
Lake Illawarra,1904,6,10969.149589336,240
Lake Illawarra,1904,7,3369.56508454113,248
Lake Illawarra,1904,8,2604.31380635308,248
Lake Illawarra,1904,9,2765.6552127744,240
Lake Illawarra,1904,10,1956.74934120043,248
Lake Illawarra,1904,11,2458.91839113745,240
Lake Illawarra,1904,12,1791.59733508822,248
Lake Illawarra,1905,1,5880.97658988635,248
Lake Illawarra,1905,2,4817.66268769912,224
Lake Illawarra,1905,3,4092.33435599281,248
Lake Illawarra,1905,4,2427.58313734042,240
Lake Illawarra,1905,5,7854.34001544829,248
Lake Illawarra,1905,6,6683.82300511545,240
Lake Illawarra,1905,7,10082.6262308482,248
Lake Illawarra,1905,8,3210.36174215148,248
Lake Illawarra,1905,9,5986.02435726782,240
Lake Illawarra,1905,10,2844.46032974146,248
Lake Illawarra,1905,11,1353.71200490783,240
Lake Illawarra,1905,12,4030.27206630858,248
Lake Illawarra,1906,1,3739.65222536464,248
Lake Illawarra,1906,2,5678.81467943174,224
Lake Illawarra,1906,3,1690.35824596301,248
Lake Illawarra,1906,4,3317.36567830254,240
Lake Illawarra,1906,5,5260.43704292396,248
Lake Illawarra,1906,6,6025.55653484042,240
Lake Illawarra,1906,7,8734.24119641367,248
Lake Illawarra,1906,8,4030.76815527293,248
Lake Illawarra,1906,9,3150.2074416807,240
Lake Illawarra,1906,10,3733.03527236462,248
Lake Illawarra,1906,11,2686.67184455622,240
Lake Illawarra,1906,12,3702.37024769946,248
Lake Illawarra,1907,1,4105.41374905644,248
Lake Illawarra,1907,2,4051.92488069854,224
Lake Illawarra,1907,3,2323.25391245759,248
Lake Illawarra,1907,4,5101.40957768217,240
Lake Illawarra,1907,5,5404.68811635886,248
Lake Illawarra,1907,6,5228.31082358785,240
Lake Illawarra,1907,7,9077.08027369586,248
Lake Illawarra,1907,8,7601.1728322691,248
Lake Illawarra,1907,9,2142.42007012321,240
Lake Illawarra,1907,10,4420.81083868075,248
Lake Illawarra,1907,11,4007.36595714198,240
Lake Illawarra,1907,12,3454.3389708732,248
Lake Illawarra,1908,1,7822.46717300914,248
Lake Illawarra,1908,2,2042.12002704015,232
Lake Illawarra,1908,3,5253.67523235974,248
Lake Illawarra,1908,4,4770.10764627697,240
Lake Illawarra,1908,5,3278.33825012934,248
Lake Illawarra,1908,6,5133.64001353346,240
Lake Illawarra,1908,7,4823.58234943731,248
Lake Illawarra,1908,8,3000.24655412273,248
Lake Illawarra,1908,9,2838.21715552471,240
Lake Illawarra,1908,10,2772.73111648425,248
Lake Illawarra,1908,11,5175.34817093851,240
Lake Illawarra,1908,12,5295.91773624788,248
Lake Illawarra,1909,1,4316.0606149187,248
Lake Illawarra,1909,2,5933.20038575037,224
Lake Illawarra,1909,3,5629.60330448583,248
Lake Illawarra,1909,4,3765.73301141037,240
Lake Illawarra,1909,5,5506.81720393183,248
Lake Illawarra,1909,6,7610.09756963775,240
Lake Illawarra,1909,7,11298.4977466618,248
Lake Illawarra,1909,8,5326.54547909569,248
Lake Illawarra,1909,9,9263.10604774294,240
Lake Illawarra,1909,10,2880.19950516188,248
Lake Illawarra,1909,11,4404.61268872848,240
Lake Illawarra,1909,12,5321.57425622651,248
Lake Illawarra,1910,1,1505.16047135521,248
Lake Illawarra,1910,2,5752.44449525133,224
Lake Illawarra,1910,3,2599.44333363664,248
Lake Illawarra,1910,4,4428.17773892552,240
Lake Illawarra,1910,5,1677.02821360359,248
Lake Illawarra,1910,6,8407.73136820532,240
Lake Illawarra,1910,7,13224.127388504,248
Lake Illawarra,1910,8,2545.83948123354,248
Lake Illawarra,1910,9,3585.37669288096,240
Lake Illawarra,1910,10,5981.28696342963,248
Lake Illawarra,1910,11,3929.91525658091,240
Lake Illawarra,1910,12,5906.49091995254,248
Lake Illawarra,1911,1,7174.77218676112,248
Lake Illawarra,1911,2,5419.3096626781,224
Lake Illawarra,1911,3,4467.38364009321,248
Lake Illawarra,1911,4,2233.55473661331,240
Lake Illawarra,1911,5,5056.95983183651,248
Lake Illawarra,1911,6,7849.6852474284,240
Lake Illawarra,1911,7,5365.0990729813,248
Lake Illawarra,1911,8,1696.11966873067,248
Lake Illawarra,1911,9,1989.27561850212,240
Lake Illawarra,1911,10,2281.02573867958,248
Lake Illawarra,1911,11,2959.65070349462,240
Lake Illawarra,1911,12,2988.31120746718,248
Lake Illawarra,1912,1,3004.43546201265,248
Lake Illawarra,1912,2,5628.81396840287,232
Lake Illawarra,1912,3,3575.08492192954,248
Lake Illawarra,1912,4,2111.88186230232,240
Lake Illawarra,1912,5,310.906100227344,248
Lake Illawarra,1912,6,4310.95394894663,240
Lake Illawarra,1912,7,4968.81779095592,248
Lake Illawarra,1912,8,5731.51473276013,248
Lake Illawarra,1912,9,5558.15277026182,240
Lake Illawarra,1912,10,4248.65521875431,248
Lake Illawarra,1912,11,2288.35546626728,240
Lake Illawarra,1912,12,2625.82324631502,248
Lake Illawarra,1913,1,4178.16472665134,248
Lake Illawarra,1913,2,7889.19768210853,224
Lake Illawarra,1913,3,4201.13771441423,248
Lake Illawarra,1913,4,1648.12414221272,240
Lake Illawarra,1913,5,5733.84144448513,248
Lake Illawarra,1913,6,3865.37504556868,240
Lake Illawarra,1913,7,4840.01458573131,248
Lake Illawarra,1913,8,7025.94986848263,248
Lake Illawarra,1913,9,1000.65574210258,240
Lake Illawarra,1913,10,2827.57986559311,248
Lake Illawarra,1913,11,5371.06184385972,240
Lake Illawarra,1913,12,5332.10789818799,248
Lake Illawarra,1914,1,1630.07926628281,248
Lake Illawarra,1914,2,4530.75739562665,224
Lake Illawarra,1914,3,7883.20048802411,248
Lake Illawarra,1914,4,2300.27709184617,240
Lake Illawarra,1914,5,4889.40877087198,248
Lake Illawarra,1914,6,2497.35321640564,240
Lake Illawarra,1914,7,6819.27765657617,248
Lake Illawarra,1914,8,1986.77473498072,248
Lake Illawarra,1914,9,2913.15150018659,240
Lake Illawarra,1914,10,3725.08361821681,248
Lake Illawarra,1914,11,923.28810515931,240
Lake Illawarra,1914,12,1862.74679092715,248
Lake Illawarra,1915,1,4202.50289046826,248
Lake Illawarra,1915,2,2259.47754764559,224
Lake Illawarra,1915,3,2959.02346930408,248
Lake Illawarra,1915,4,773.952812496485,240
Lake Illawarra,1915,5,6868.86132026066,248
Lake Illawarra,1915,6,10450.7711351976,240
Lake Illawarra,1915,7,3405.55278375475,248
Lake Illawarra,1915,8,12092.5035715847,248
Lake Illawarra,1915,9,5544.37219102256,240
Lake Illawarra,1915,10,1653.89300302784,248
Lake Illawarra,1915,11,2823.75424510717,240
Lake Illawarra,1915,12,3267.33062122851,248
Lake Illawarra,1916,1,6685.27124751076,248
Lake Illawarra,1916,2,2945.46469893067,232
Lake Illawarra,1916,3,579.915813587629,248
Lake Illawarra,1916,4,-273.648144997085,240
Lake Illawarra,1916,5,1456.04222504743,248
Lake Illawarra,1916,6,9754.79869406163,240
Lake Illawarra,1916,7,4339.74709236992,248
Lake Illawarra,1916,8,7850.35997247146,248
Lake Illawarra,1916,9,5149.8741593398,240
Lake Illawarra,1916,10,3502.35710321712,248
Lake Illawarra,1916,11,3701.92653431541,240
Lake Illawarra,1916,12,6680.62493460937,248
Lake Illawarra,1917,1,8160.88209716658,248
Lake Illawarra,1917,2,6783.14191285917,224
Lake Illawarra,1917,3,4074.31547359254,248
Lake Illawarra,1917,4,507.703417980469,240
Lake Illawarra,1917,5,5461.52269285185,248
Lake Illawarra,1917,6,3947.20549311838,240
Lake Illawarra,1917,7,9809.02020379257,248
Lake Illawarra,1917,8,4959.75563723812,248
Lake Illawarra,1917,9,3472.32378578536,240
Lake Illawarra,1917,10,1481.63989540515,248
Lake Illawarra,1917,11,2906.90911848133,240
Lake Illawarra,1917,12,5144.92867589897,248
Lake Illawarra,1918,1,6823.84286339038,248
Lake Illawarra,1918,2,4177.93595539688,224
Lake Illawarra,1918,3,2686.78347346383,248
Lake Illawarra,1918,4,1642.2457880765,240
Lake Illawarra,1918,5,6161.38082875515,248
Lake Illawarra,1918,6,5926.64628943396,240
Lake Illawarra,1918,7,6092.12778984588,248
Lake Illawarra,1918,8,6463.79853245681,248
Lake Illawarra,1918,9,2408.44762477661,240
Lake Illawarra,1918,10,2201.70160238483,248
Lake Illawarra,1918,11,3935.01891416322,240
Lake Illawarra,1918,12,4781.04961045328,248
Lake Illawarra,1919,1,3288.3456751775,248
Lake Illawarra,1919,2,5149.45034041565,224
Lake Illawarra,1919,3,6225.75940430948,248
Lake Illawarra,1919,4,4680.03304391133,240
Lake Illawarra,1919,5,6952.48796128556,248
Lake Illawarra,1919,6,5383.31243158442,240
Lake Illawarra,1919,7,7556.95912043491,248
Lake Illawarra,1919,8,4363.22289142946,248
Lake Illawarra,1919,9,5362.89386576639,240
Lake Illawarra,1919,10,2209.52311711805,248
Lake Illawarra,1919,11,2581.76605900396,240
Lake Illawarra,1919,12,3313.83930195955,248
Lake Illawarra,1920,1,2896.52277405215,248
Lake Illawarra,1920,2,3723.58067760964,232
Lake Illawarra,1920,3,4426.83184613691,248
Lake Illawarra,1920,4,2969.61080926877,240
Lake Illawarra,1920,5,2470.04757292051,248
Lake Illawarra,1920,6,10409.6153193344,240
Lake Illawarra,1920,7,7184.82377212398,248
Lake Illawarra,1920,8,12681.3171367942,248
Lake Illawarra,1920,9,3673.86764030782,240
Lake Illawarra,1920,10,4514.54051394979,248
Lake Illawarra,1920,11,2322.34870079485,240
Lake Illawarra,1920,12,3082.85336931981,248
Lake Illawarra,1921,1,6608.96056344413,248
Lake Illawarra,1921,2,5151.87071855547,224
Lake Illawarra,1921,3,2864.09612982232,248
Lake Illawarra,1921,4,5813.25997974086,240
Lake Illawarra,1921,5,6029.72793859166,248
Lake Illawarra,1921,6,2433.03041225721,240
Lake Illawarra,1921,7,7790.39594560054,248
Lake Illawarra,1921,8,7662.9051404344,248
Lake Illawarra,1921,9,3615.03333657739,240
Lake Illawarra,1921,10,4070.47959318188,248
Lake Illawarra,1921,11,2293.01261196584,240
Lake Illawarra,1921,12,1758.79150061336,248
Lake Illawarra,1922,1,2682.10501762744,248
Lake Illawarra,1922,2,4530.40631316697,224
Lake Illawarra,1922,3,3717.21545987035,248
Lake Illawarra,1922,4,3124.15285947978,240
Lake Illawarra,1922,5,3865.30113419581,248
Lake Illawarra,1922,6,5260.75498845918,240
Lake Illawarra,1922,7,8839.6558666768,248
Lake Illawarra,1922,8,7890.47125251345,248
Lake Illawarra,1922,9,2346.43600348232,240
Lake Illawarra,1922,10,2591.92159919385,248
Lake Illawarra,1922,11,2795.88770043666,240
Lake Illawarra,1922,12,2760.15810344898,248
Lake Illawarra,1923,1,4556.9704296152,248
Lake Illawarra,1923,2,5755.18027212379,224
Lake Illawarra,1923,3,5106.76830496205,248
Lake Illawarra,1923,4,4781.96529209241,240
Lake Illawarra,1923,5,8826.73459217112,248
Lake Illawarra,1923,6,10843.2657956869,240
Lake Illawarra,1923,7,13445.7611385841,248
Lake Illawarra,1923,8,6445.16652208707,248
Lake Illawarra,1923,9,7734.28548111745,240
Lake Illawarra,1923,10,4019.42020062459,248
Lake Illawarra,1923,11,3292.95423972362,240
Lake Illawarra,1923,12,2196.91910408028,248
Lake Illawarra,1924,1,4910.388661702,248
Lake Illawarra,1924,2,3354.0825390628,232
Lake Illawarra,1924,3,3487.449650212,248
Lake Illawarra,1924,4,3087.82688038076,240
Lake Illawarra,1924,5,6599.06158293762,248
Lake Illawarra,1924,6,6046.3677807202,240
Lake Illawarra,1924,7,1988.14678367013,248
Lake Illawarra,1924,8,5692.78933490958,248
Lake Illawarra,1924,9,-1103.78954483572,240
Lake Illawarra,1924,10,1410.16110061694,248
Lake Illawarra,1924,11,3260.15543932856,240
Lake Illawarra,1924,12,3548.64790830835,248
Lake Illawarra,1925,1,6673.50240943767,248
Lake Illawarra,1925,2,4931.07247138396,224
Lake Illawarra,1925,3,2268.14549605803,248
Lake Illawarra,1925,4,5204.37996178409,240
Lake Illawarra,1925,5,7860.62439853067,248
Lake Illawarra,1925,6,4690.15725147182,240
Lake Illawarra,1925,7,11775.3732097484,248
Lake Illawarra,1925,8,2581.61180046304,248
Lake Illawarra,1925,9,5569.32768431852,240
Lake Illawarra,1925,10,2633.47117673875,248
Lake Illawarra,1925,11,3220.77435032571,240
Lake Illawarra,1925,12,2277.9673289624,248
Lake Illawarra,1926,1,3879.03964036048,248
Lake Illawarra,1926,2,3000.12786613553,224
Lake Illawarra,1926,3,3756.4038734714,248
Lake Illawarra,1926,4,5700.18368623917,240
Lake Illawarra,1926,5,8860.02397902767,248
Lake Illawarra,1926,6,7640.76505766403,240
Lake Illawarra,1926,7,5402.73291430107,248
Lake Illawarra,1926,8,7411.41250796607,248
Lake Illawarra,1926,9,3715.49373994353,240
Lake Illawarra,1926,10,4091.18424951664,248
Lake Illawarra,1926,11,3187.70807928707,240
Lake Illawarra,1926,12,3512.68192215595,248
Lake Illawarra,1927,1,5747.33801134864,248
Lake Illawarra,1927,2,1907.75284457516,224
Lake Illawarra,1927,3,6179.16414399957,248
Lake Illawarra,1927,4,1594.46825141002,240
Lake Illawarra,1927,5,5082.22720445185,248
Lake Illawarra,1927,6,3900.19628489205,240
Lake Illawarra,1927,7,12653.0389645651,248
Lake Illawarra,1927,8,7851.79290551669,248
Lake Illawarra,1927,9,3474.64112368354,240
Lake Illawarra,1927,10,792.470119589301,248
Lake Illawarra,1927,11,1963.82478372896,240
Lake Illawarra,1927,12,6739.03324038925,248
Lake Illawarra,1928,1,3007.15920164246,248
Lake Illawarra,1928,2,8637.52756662971,232
Lake Illawarra,1928,3,3606.27017376081,248
Lake Illawarra,1928,4,5448.90148061787,240
Lake Illawarra,1928,5,5834.79491306896,248
Lake Illawarra,1928,6,10370.8626476967,240
Lake Illawarra,1928,7,8758.1792011795,248
Lake Illawarra,1928,8,3379.96614562113,248
Lake Illawarra,1928,9,3438.97847248027,240
Lake Illawarra,1928,10,4056.09349008257,248
Lake Illawarra,1928,11,1191.83998020886,240
Lake Illawarra,1928,12,3682.96778127914,248
Lake Illawarra,1929,1,4378.50438419397,248
Lake Illawarra,1929,2,6709.67550568228,224
Lake Illawarra,1929,3,4794.62011018408,248
Lake Illawarra,1929,4,6428.29606384371,240
Lake Illawarra,1929,5,4677.4243537358,248
Lake Illawarra,1929,6,9199.69662808312,240
Lake Illawarra,1929,7,7937.77645455905,248
Lake Illawarra,1929,8,3507.16260939383,248
Lake Illawarra,1929,9,3191.0981004577,240
Lake Illawarra,1929,10,3614.94287443285,248
Lake Illawarra,1929,11,2886.75296037991,240
Lake Illawarra,1929,12,1434.03442812615,248
Lake Illawarra,1930,1,8269.29754659879,248
Lake Illawarra,1930,2,6211.62962339892,224
Lake Illawarra,1930,3,7322.04917783709,248
Lake Illawarra,1930,4,273.116281403378,240
Lake Illawarra,1930,5,3631.98340766207,248
Lake Illawarra,1930,6,7838.79747091599,240
Lake Illawarra,1930,7,8224.53842093795,248
Lake Illawarra,1930,8,8589.61766166313,248
Lake Illawarra,1930,9,3880.58279014793,240
Lake Illawarra,1930,10,3139.14890647389,248
Lake Illawarra,1930,11,3506.55339167569,240
Lake Illawarra,1930,12,3742.19685623707,248
Lake Illawarra,1931,1,1873.07427661469,248
Lake Illawarra,1931,2,4423.08372176575,224
Lake Illawarra,1931,3,4878.63245036138,248
Lake Illawarra,1931,4,1829.9106819682,240
Lake Illawarra,1931,5,2770.84423710451,248
Lake Illawarra,1931,6,5071.33308521322,240
Lake Illawarra,1931,7,11487.9122930419,248
Lake Illawarra,1931,8,5819.05759218624,248
Lake Illawarra,1931,9,4246.89796071774,240
Lake Illawarra,1931,10,3628.64273020343,248
Lake Illawarra,1931,11,1824.38760160952,240
Lake Illawarra,1931,12,6519.92716147829,248
Lake Illawarra,1932,1,4150.82865365555,248
Lake Illawarra,1932,2,3636.80035595572,232
Lake Illawarra,1932,3,5099.86935754497,248
Lake Illawarra,1932,4,670.009263869402,240
Lake Illawarra,1932,5,2761.13866560537,248
Lake Illawarra,1932,6,10456.988342859,240
Lake Illawarra,1932,7,9459.50919664321,248
Lake Illawarra,1932,8,6797.14865867196,248
Lake Illawarra,1932,9,3130.62911825063,240
Lake Illawarra,1932,10,3392.5350255229,248
Lake Illawarra,1932,11,3191.18987287697,240
Lake Illawarra,1932,12,4451.19584066826,248
Lake Illawarra,1933,1,3574.210634399,248
Lake Illawarra,1933,2,1781.95226206445,224
Lake Illawarra,1933,3,4384.84403929774,248
Lake Illawarra,1933,4,1124.79370476383,240
Lake Illawarra,1933,5,7481.61065525649,248
Lake Illawarra,1933,6,1787.68700856587,240
Lake Illawarra,1933,7,7493.50977325205,248
Lake Illawarra,1933,8,3551.133872466,248
Lake Illawarra,1933,9,2532.89500598621,240
Lake Illawarra,1933,10,3322.31391913533,248
Lake Illawarra,1933,11,3659.96935186602,240
Lake Illawarra,1933,12,3812.03870703289,248
Lake Illawarra,1934,1,5226.44364481469,248
Lake Illawarra,1934,2,5820.00426092187,224
Lake Illawarra,1934,3,5318.35435137689,248
Lake Illawarra,1934,4,4148.625022825,240
Lake Illawarra,1934,5,4008.77725490212,248
Lake Illawarra,1934,6,2978.74163773854,240
Lake Illawarra,1934,7,9008.51558891042,248
Lake Illawarra,1934,8,6983.50884130327,248
Lake Illawarra,1934,9,2860.05669283035,240
Lake Illawarra,1934,10,3019.1737540581,248
Lake Illawarra,1934,11,5016.77140866113,240
Lake Illawarra,1934,12,2477.02599300971,248
Lake Illawarra,1935,1,4582.5076050032,248
Lake Illawarra,1935,2,5264.32066247124,224
Lake Illawarra,1935,3,3116.02792836453,248
Lake Illawarra,1935,4,6523.07377564761,240
Lake Illawarra,1935,5,3992.44402820997,248
Lake Illawarra,1935,6,9019.5455524915,240
Lake Illawarra,1935,7,8551.64477571882,248
Lake Illawarra,1935,8,8212.56001456404,248
Lake Illawarra,1935,9,4880.88110861267,240
Lake Illawarra,1935,10,4881.96275428673,248
Lake Illawarra,1935,11,4618.6477780272,240
Lake Illawarra,1935,12,259.240445815156,248
Lake Illawarra,1936,1,5325.89532662595,248
Lake Illawarra,1936,2,5130.80373362627,232
Lake Illawarra,1936,3,4474.53071954685,248
Lake Illawarra,1936,4,2784.56336585307,240
Lake Illawarra,1936,5,-1553.04490350601,248
Lake Illawarra,1936,6,7399.22919897769,240
Lake Illawarra,1936,7,5453.00121463264,248
Lake Illawarra,1936,8,6547.02686153976,248
Lake Illawarra,1936,9,1843.07990223536,240
Lake Illawarra,1936,10,2839.98063189535,248
Lake Illawarra,1936,11,2623.18272325699,240
Lake Illawarra,1936,12,3088.18275052418,248
Lake Illawarra,1937,1,5252.44531953887,248
Lake Illawarra,1937,2,3974.82018374022,224
Lake Illawarra,1937,3,3409.74349140753,248
Lake Illawarra,1937,4,4199.15015535504,240
Lake Illawarra,1937,5,4864.24712722494,248
Lake Illawarra,1937,6,7076.92307674522,240
Lake Illawarra,1937,7,4191.43097517093,248
Lake Illawarra,1937,8,4600.60582339384,248
Lake Illawarra,1937,9,1850.56455987532,240
Lake Illawarra,1937,10,3479.19436937765,248
Lake Illawarra,1937,11,5650.90032167572,240
Lake Illawarra,1937,12,5062.58629438276,248
Lake Illawarra,1938,1,6314.46297535767,248
Lake Illawarra,1938,2,2819.48812631493,224
Lake Illawarra,1938,3,5941.95573461303,248
Lake Illawarra,1938,4,-542.096460042868,240
Lake Illawarra,1938,5,4900.73407189229,248
Lake Illawarra,1938,6,6769.84061209052,240
Lake Illawarra,1938,7,7854.64198780102,248
Lake Illawarra,1938,8,5644.54003930583,248
Lake Illawarra,1938,9,1297.77622486032,240
Lake Illawarra,1938,10,1012.2154562966,248
Lake Illawarra,1938,11,3847.06792000792,240
Lake Illawarra,1938,12,5235.48207094474,248
Lake Illawarra,1939,1,4515.72612811827,248
Lake Illawarra,1939,2,7553.83607575139,224
Lake Illawarra,1939,3,5311.2306373138,248
Lake Illawarra,1939,4,4732.8749073583,240
Lake Illawarra,1939,5,814.572693686131,248
Lake Illawarra,1939,6,7766.62435883055,240
Lake Illawarra,1939,7,5592.34624845152,248
Lake Illawarra,1939,8,13781.5583128034,248
Lake Illawarra,1939,9,3625.04504602281,240
Lake Illawarra,1939,10,3071.70620250906,248
Lake Illawarra,1939,11,3161.26427964579,240
Lake Illawarra,1939,12,5129.9534288819,248
Lake Illawarra,1940,1,3568.01013381977,248
Lake Illawarra,1940,2,5372.58708021288,232
Lake Illawarra,1940,3,4087.74119827875,248
Lake Illawarra,1940,4,5183.42390859784,240
Lake Illawarra,1940,5,2693.36549078859,248
Lake Illawarra,1940,6,3085.11287558903,240
Lake Illawarra,1940,7,3737.48167147539,248
Lake Illawarra,1940,8,776.633121488753,248
Lake Illawarra,1940,9,1557.38138439653,240
Lake Illawarra,1940,10,1521.11220591892,248
Lake Illawarra,1940,11,3616.97016777447,240
Lake Illawarra,1940,12,7088.1480879821,248
Lake Illawarra,1941,1,5322.46614254188,248
Lake Illawarra,1941,2,4025.21251661092,224
Lake Illawarra,1941,3,4211.99730776003,248
Lake Illawarra,1941,4,2845.58636195657,240
Lake Illawarra,1941,5,2811.01363674016,248
Lake Illawarra,1941,6,5573.65475292395,240
Lake Illawarra,1941,7,6622.52923487482,248
Lake Illawarra,1941,8,4191.98446671553,248
Lake Illawarra,1941,9,3196.53555414938,240
Lake Illawarra,1941,10,2666.33311343421,248
Lake Illawarra,1941,11,2090.58461495214,240
Lake Illawarra,1941,12,4436.01779042936,248
Lake Illawarra,1942,1,4340.47531551649,248
Lake Illawarra,1942,2,7810.65274247861,224
Lake Illawarra,1942,3,3072.36572154322,248
Lake Illawarra,1942,4,2448.40572966096,240
Lake Illawarra,1942,5,4826.90245322889,248
Lake Illawarra,1942,6,6.05379339601896,240
Lake Illawarra,1942,7,5692.41909169666,248
Lake Illawarra,1942,8,8832.61227640487,248
Lake Illawarra,1942,9,4870.47065491122,240
Lake Illawarra,1942,10,5515.96294065627,248
Lake Illawarra,1942,11,3211.71857932949,240
Lake Illawarra,1942,12,5445.34498094336,248
Lake Illawarra,1943,1,5684.01002697431,248
Lake Illawarra,1943,2,4520.46145688459,224
Lake Illawarra,1943,3,5437.92858572545,248
Lake Illawarra,1943,4,6288.22310852932,240
Lake Illawarra,1943,5,4304.79896349739,248
Lake Illawarra,1943,6,8172.10702353617,240
Lake Illawarra,1943,7,5611.44064605343,248
Lake Illawarra,1943,8,6844.74981218649,248
Lake Illawarra,1943,9,5918.19367776959,240
Lake Illawarra,1943,10,1514.219086774,248
Lake Illawarra,1943,11,3066.67712060943,240
Lake Illawarra,1943,12,4574.38432967901,248
Lake Illawarra,1944,1,4486.63157100674,248
Lake Illawarra,1944,2,2509.82957601844,232
Lake Illawarra,1944,3,6962.81572600579,248
Lake Illawarra,1944,4,4888.73999014099,240
Lake Illawarra,1944,5,8563.96909794157,248
Lake Illawarra,1944,6,3635.07288776157,240
Lake Illawarra,1944,7,3562.23439507283,248
Lake Illawarra,1944,8,5915.56300893632,248
Lake Illawarra,1944,9,2920.97198634933,240
Lake Illawarra,1944,10,1421.70683214948,248
Lake Illawarra,1944,11,1237.20483668641,240
Lake Illawarra,1944,12,2589.50586065541,248
Lake Illawarra,1945,1,3765.92575041212,248
Lake Illawarra,1945,2,3332.30608816733,224
Lake Illawarra,1945,3,4569.15100165201,248
Lake Illawarra,1945,4,4034.16197350418,240
Lake Illawarra,1945,5,3350.14617220815,248
Lake Illawarra,1945,6,8525.98070469091,240
Lake Illawarra,1945,7,3676.72140660307,248
Lake Illawarra,1945,8,8132.67359331878,248
Lake Illawarra,1945,9,5074.87103773306,240
Lake Illawarra,1945,10,4514.28980482042,248
Lake Illawarra,1945,11,418.867047499873,240
Lake Illawarra,1945,12,5006.14941782579,248
Lake Illawarra,1946,1,6585.10032764531,248
Lake Illawarra,1946,2,5883.39196467856,224
Lake Illawarra,1946,3,6497.85484645134,248
Lake Illawarra,1946,4,7575.15170009304,240
Lake Illawarra,1946,5,6554.16439034342,248
Lake Illawarra,1946,6,14932.9153126829,240
Lake Illawarra,1946,7,8405.68964672102,248
Lake Illawarra,1946,8,4609.20624291879,248
Lake Illawarra,1946,9,3357.28314931229,240
Lake Illawarra,1946,10,2201.90541639262,248
Lake Illawarra,1946,11,3420.43183906155,240
Lake Illawarra,1946,12,5094.33931895985,248
Lake Illawarra,1947,1,6344.96485393858,248
Lake Illawarra,1947,2,8119.04109974009,224
Lake Illawarra,1947,3,5282.57289650362,248
Lake Illawarra,1947,4,821.159872623707,240
Lake Illawarra,1947,5,1866.25853501943,248
Lake Illawarra,1947,6,7732.95059798305,240
Lake Illawarra,1947,7,9369.21707154597,248
Lake Illawarra,1947,8,7399.460267309,248
Lake Illawarra,1947,9,2869.69367588961,240
Lake Illawarra,1947,10,2388.80659587645,248
Lake Illawarra,1947,11,1605.61077857563,240
Lake Illawarra,1947,12,5488.75776203422,248
Lake Illawarra,1948,1,2760.72666678,248
Lake Illawarra,1948,2,4708.02100320874,232
Lake Illawarra,1948,3,4863.43898276902,248
Lake Illawarra,1948,4,8097.54439717829,240
Lake Illawarra,1948,5,8682.08683877568,248
Lake Illawarra,1948,6,8737.24898701137,240
Lake Illawarra,1948,7,3655.21155834726,248
Lake Illawarra,1948,8,7247.45501175812,248
Lake Illawarra,1948,9,4188.2876330065,240
Lake Illawarra,1948,10,1288.98891824553,248
Lake Illawarra,1948,11,4545.54846646089,240
Lake Illawarra,1948,12,6213.04265344032,248
Lake Illawarra,1949,1,3625.13719406467,248
Lake Illawarra,1949,2,2395.96832944263,224
Lake Illawarra,1949,3,8170.11601546383,248
Lake Illawarra,1949,4,2271.26046817961,240
Lake Illawarra,1949,5,2754.73633319415,248
Lake Illawarra,1949,6,8175.4447199271,240
Lake Illawarra,1949,7,8987.50870454399,248
Lake Illawarra,1949,8,1851.88814860469,248
Lake Illawarra,1949,9,4486.8350055763,240
Lake Illawarra,1949,10,1687.12508207671,248
Lake Illawarra,1949,11,4971.67022491852,240
Lake Illawarra,1949,12,4092.99900150884,248
Lake Illawarra,1950,1,5523.20109468237,248
Lake Illawarra,1950,2,8751.23605320679,224
Lake Illawarra,1950,3,10127.601363628,248
Lake Illawarra,1950,4,1188.9261986604,240
Lake Illawarra,1950,5,4185.38225807176,248
Lake Illawarra,1950,6,7885.36220874878,240
Lake Illawarra,1950,7,6060.20387279283,248
Lake Illawarra,1950,8,3530.61596329784,248
Lake Illawarra,1950,9,2046.20459084201,240
Lake Illawarra,1950,10,3762.87892272352,248
Lake Illawarra,1950,11,3129.66525100157,240
Lake Illawarra,1950,12,5416.00726797857,248
Lake Illawarra,1951,1,4840.56497710014,248
Lake Illawarra,1951,2,4657.70462724991,224
Lake Illawarra,1951,3,6042.18309405414,248
Lake Illawarra,1951,4,4135.27259429134,240
Lake Illawarra,1951,5,7134.32616076411,248
Lake Illawarra,1951,6,6632.90072911889,240
Lake Illawarra,1951,7,8091.22443285852,248
Lake Illawarra,1951,8,9998.92729692003,248
Lake Illawarra,1951,9,3839.52786411411,240
Lake Illawarra,1951,10,3256.96178841247,248
Lake Illawarra,1951,11,3720.26974807692,240
Lake Illawarra,1951,12,4666.34760187272,248
Lake Illawarra,1952,1,6001.53918507653,248
Lake Illawarra,1952,2,5705.76824505619,232
Lake Illawarra,1952,3,6983.66976622676,248
Lake Illawarra,1952,4,7584.19839754265,240
Lake Illawarra,1952,5,9249.54167750018,248
Lake Illawarra,1952,6,13565.619136206,240
Lake Illawarra,1952,7,5848.57957546559,248
Lake Illawarra,1952,8,6927.46362535553,248
Lake Illawarra,1952,9,4749.88021552087,240
Lake Illawarra,1952,10,2613.72275276811,248
Lake Illawarra,1952,11,4487.3382633057,240
Lake Illawarra,1952,12,5009.1784437774,248
Lake Illawarra,1953,1,6935.51507715007,248
Lake Illawarra,1953,2,5049.45416411367,224
Lake Illawarra,1953,3,7546.53411598993,248
Lake Illawarra,1953,4,4699.44877192387,240
Lake Illawarra,1953,5,7489.31876086976,248
Lake Illawarra,1953,6,8521.82798011503,240
Lake Illawarra,1953,7,5164.44856043323,248
Lake Illawarra,1953,8,6508.41400404868,248
Lake Illawarra,1953,9,2468.30139402456,240
Lake Illawarra,1953,10,4048.36895195761,248
Lake Illawarra,1953,11,3521.8702337927,240
Lake Illawarra,1953,12,4373.66502142339,248
Lake Illawarra,1954,1,6853.9895879904,248
Lake Illawarra,1954,2,7099.11072080391,224
Lake Illawarra,1954,3,3873.33464309847,248
Lake Illawarra,1954,4,4284.02208657342,240
Lake Illawarra,1954,5,5316.19421081468,248
Lake Illawarra,1954,6,9293.73793090078,240
Lake Illawarra,1954,7,8987.19508000775,248
Lake Illawarra,1954,8,3173.23656065714,248
Lake Illawarra,1954,9,1201.54633923787,240
Lake Illawarra,1954,10,4604.9485893197,248
Lake Illawarra,1954,11,2066.95208214555,240
Lake Illawarra,1954,12,1414.00206567339,248
Lake Illawarra,1955,1,2091.72821190379,248
Lake Illawarra,1955,2,2888.75513602725,224
Lake Illawarra,1955,3,7049.67824878597,248
Lake Illawarra,1955,4,3037.67048704555,240
Lake Illawarra,1955,5,9963.46737991642,248
Lake Illawarra,1955,6,7517.66549215599,240
Lake Illawarra,1955,7,4502.34070294796,248
Lake Illawarra,1955,8,7367.51306192798,248
Lake Illawarra,1955,9,3008.61916147212,240
Lake Illawarra,1955,10,2780.22122243291,248
Lake Illawarra,1955,11,3584.9402262744,240
Lake Illawarra,1955,12,4013.99066489683,248
Lake Illawarra,1956,1,4511.719869266,248
Lake Illawarra,1956,2,4185.93064576876,232
Lake Illawarra,1956,3,9578.33448319364,248
Lake Illawarra,1956,4,7758.2426750369,240
Lake Illawarra,1956,5,11034.8032854898,248
Lake Illawarra,1956,6,12326.473422186,240
Lake Illawarra,1956,7,5988.71232682799,248
Lake Illawarra,1956,8,6841.39792495033,248
Lake Illawarra,1956,9,1191.03545724681,240
Lake Illawarra,1956,10,1952.70202350916,248
Lake Illawarra,1956,11,1084.81497676023,240
Lake Illawarra,1956,12,3154.37371554393,248
Lake Illawarra,1957,1,7601.97777440634,248
Lake Illawarra,1957,2,6599.05126175758,224
Lake Illawarra,1957,3,4459.62821582346,248
Lake Illawarra,1957,4,1379.22144436085,240
Lake Illawarra,1957,5,4150.78227126897,248
Lake Illawarra,1957,6,3769.59888298299,240
Lake Illawarra,1957,7,8127.10214199344,248
Lake Illawarra,1957,8,7196.50600330245,248
Lake Illawarra,1957,9,881.212480374735,240
Lake Illawarra,1957,10,3929.13745986809,248
Lake Illawarra,1957,11,1326.47829363616,240
Lake Illawarra,1957,12,1452.35273883344,248
Lake Illawarra,1958,1,5876.78353977342,248
Lake Illawarra,1958,2,3748.32545043617,224
Lake Illawarra,1958,3,6544.70665615181,248
Lake Illawarra,1958,4,5067.33954294058,240
Lake Illawarra,1958,5,6292.0280170199,248
Lake Illawarra,1958,6,4909.66576933955,240
Lake Illawarra,1958,7,10595.963294898,248
Lake Illawarra,1958,8,8405.74647937448,248
Lake Illawarra,1958,9,4874.56804273268,240
Lake Illawarra,1958,10,4881.7205806196,248
Lake Illawarra,1958,11,6603.39282161427,240
Lake Illawarra,1958,12,4175.44652759056,248
Lake Illawarra,1959,1,7676.5779807249,248
Lake Illawarra,1959,2,7965.20331754683,224
Lake Illawarra,1959,3,4688.0671578206,248
Lake Illawarra,1959,4,3826.19287751802,240
Lake Illawarra,1959,5,-136.147883366227,248
Lake Illawarra,1959,6,5137.39478276484,240
Lake Illawarra,1959,7,7659.4001960672,248
Lake Illawarra,1959,8,4613.19463667439,248
Lake Illawarra,1959,9,5726.78239916748,240
Lake Illawarra,1959,10,3125.62286067142,248
Lake Illawarra,1959,11,5703.35503375951,240
Lake Illawarra,1959,12,2383.81749026487,248
Lake Illawarra,1960,1,5459.46007309401,248
Lake Illawarra,1960,2,2267.09888817858,232
Lake Illawarra,1960,3,2235.73476294607,248
Lake Illawarra,1960,4,3048.32190560736,240
Lake Illawarra,1960,5,10827.6739125009,248
Lake Illawarra,1960,6,1628.09378866115,240
Lake Illawarra,1960,7,8071.12055534262,248
Lake Illawarra,1960,8,6638.81351563353,248
Lake Illawarra,1960,9,2602.93351731715,240
Lake Illawarra,1960,10,3896.44766880301,248
Lake Illawarra,1960,11,4891.76956590697,240
Lake Illawarra,1960,12,3605.88408926711,248
Lake Illawarra,1961,1,3928.64953792521,248
Lake Illawarra,1961,2,5473.16648479498,224
Lake Illawarra,1961,3,6120.50815170518,248
Lake Illawarra,1961,4,5324.10780926532,240
Lake Illawarra,1961,5,6547.74103746611,248
Lake Illawarra,1961,6,6379.94061898305,240
Lake Illawarra,1961,7,11194.9309392356,248
Lake Illawarra,1961,8,5972.71479295954,248
Lake Illawarra,1961,9,2455.52363657196,240
Lake Illawarra,1961,10,4485.07602131129,248
Lake Illawarra,1961,11,5151.83817326865,240
Lake Illawarra,1961,12,3569.90539896784,248
Lake Illawarra,1962,1,6155.47375444369,248
Lake Illawarra,1962,2,3181.11077119788,224
Lake Illawarra,1962,3,6640.47712737095,248
Lake Illawarra,1962,4,90.2431990283938,240
Lake Illawarra,1962,5,7821.41982181624,248
Lake Illawarra,1962,6,4568.40690422885,240
Lake Illawarra,1962,7,3053.40626549296,248
Lake Illawarra,1962,8,8358.03803291899,248
Lake Illawarra,1962,9,3811.71022929544,240
Lake Illawarra,1962,10,1848.36220156646,248
Lake Illawarra,1962,11,5306.97151988676,240
Lake Illawarra,1962,12,8262.13922232779,248
Lake Illawarra,1963,1,8035.47288910065,248
Lake Illawarra,1963,2,4473.30416152024,224
Lake Illawarra,1963,3,5263.45262933996,248
Lake Illawarra,1963,4,2808.42282539087,240
Lake Illawarra,1963,5,7459.95966756951,248
Lake Illawarra,1963,6,5223.52114079675,240
Lake Illawarra,1963,7,15536.3655316783,248
Lake Illawarra,1963,8,5056.60546360553,248
Lake Illawarra,1963,9,4260.8482114497,240
Lake Illawarra,1963,10,3163.72872751526,248
Lake Illawarra,1963,11,4906.89367230521,240
Lake Illawarra,1963,12,3810.5784321045,248
Lake Illawarra,1964,1,2578.51023265314,248
Lake Illawarra,1964,2,5821.3517763124,232
Lake Illawarra,1964,3,4601.72590424602,248
Lake Illawarra,1964,4,3089.61353630226,240
Lake Illawarra,1964,5,4304.55231557761,248
Lake Illawarra,1964,6,5823.51613637727,240
Lake Illawarra,1964,7,9842.84325595442,248
Lake Illawarra,1964,8,8639.74283041719,248
Lake Illawarra,1964,9,5041.65448232747,240
Lake Illawarra,1964,10,4969.97938646806,248
Lake Illawarra,1964,11,6518.91249972521,240
Lake Illawarra,1964,12,3032.59245288144,248
Lake Illawarra,1965,1,6693.33516316475,248
Lake Illawarra,1965,2,3265.95544492345,224
Lake Illawarra,1965,3,2237.35434673204,248
Lake Illawarra,1965,4,2629.089883503,240
Lake Illawarra,1965,5,6072.30188726016,248
Lake Illawarra,1965,6,2843.24545387346,240
Lake Illawarra,1965,7,8307.41709567692,248
Lake Illawarra,1965,8,6878.36882191452,248
Lake Illawarra,1965,9,2944.48331546159,240
Lake Illawarra,1965,10,3995.50273528534,248
Lake Illawarra,1965,11,4515.34481606691,240
Lake Illawarra,1965,12,1711.51108942245,248
Lake Illawarra,1966,1,5049.84688593609,248
Lake Illawarra,1966,2,2498.01156807226,224
Lake Illawarra,1966,3,3826.39286072956,248
Lake Illawarra,1966,4,5829.77794218221,240
Lake Illawarra,1966,5,3828.93544900092,248
Lake Illawarra,1966,6,6132.31661135154,240
Lake Illawarra,1966,7,8070.70948133928,248
Lake Illawarra,1966,8,4673.55964502489,248
Lake Illawarra,1966,9,5809.04273675113,240
Lake Illawarra,1966,10,4921.63467467622,248
Lake Illawarra,1966,11,2843.73838639237,240
Lake Illawarra,1966,12,6605.3232331391,248
Lake Illawarra,1967,1,5895.46296562572,248
Lake Illawarra,1967,2,5401.56447915099,224
Lake Illawarra,1967,3,3379.03396729682,248
Lake Illawarra,1967,4,4308.79461612732,240
Lake Illawarra,1967,5,4395.37580273209,248
Lake Illawarra,1967,6,7238.29362345113,240
Lake Illawarra,1967,7,7331.28153725007,248
Lake Illawarra,1967,8,9804.46746555333,248
Lake Illawarra,1967,9,4849.34741587567,240
Lake Illawarra,1967,10,1471.01115696367,248
Lake Illawarra,1967,11,3106.32967623355,240
Lake Illawarra,1967,12,3686.28411171055,248
Lake Illawarra,1968,1,6591.8477464482,248
Lake Illawarra,1968,2,7410.98166968261,232
Lake Illawarra,1968,3,4849.30592571443,248
Lake Illawarra,1968,4,3001.98091391664,240
Lake Illawarra,1968,5,13999.4597867561,248
Lake Illawarra,1968,6,6487.91406208297,240
Lake Illawarra,1968,7,6603.66154954563,248
Lake Illawarra,1968,8,6242.44992358645,248
Lake Illawarra,1968,9,2323.06617752621,240
Lake Illawarra,1968,10,4961.59777741749,248
Lake Illawarra,1968,11,4005.50893484365,240
Lake Illawarra,1968,12,3662.76717907803,248
Lake Illawarra,1969,1,3196.25521516129,248
Lake Illawarra,1969,2,5688.66834853226,224
Lake Illawarra,1969,3,8248.13996900008,248
Lake Illawarra,1969,4,5936.18901084469,240
Lake Illawarra,1969,5,5931.69717351114,248
Lake Illawarra,1969,6,6857.19052840566,240
Lake Illawarra,1969,7,4321.40480489606,248
Lake Illawarra,1969,8,2670.16170958416,248
Lake Illawarra,1969,9,6584.09449572994,240
Lake Illawarra,1969,10,4547.3564401172,248
Lake Illawarra,1969,11,3222.43460458046,240
Lake Illawarra,1969,12,2312.65870981675,248
Lake Illawarra,1970,1,3127.97162145013,248
Lake Illawarra,1970,2,5970.07476844924,224
Lake Illawarra,1970,3,-156.685254255402,248
Lake Illawarra,1970,4,5153.82695675334,240
Lake Illawarra,1970,5,7284.70270364798,248
Lake Illawarra,1970,6,6008.1427508397,240
Lake Illawarra,1970,7,5928.14523948912,248
Lake Illawarra,1970,8,6954.89657083407,248
Lake Illawarra,1970,9,3785.06120405835,240
Lake Illawarra,1970,10,316.229241927526,248
Lake Illawarra,1970,11,5311.53526563884,240
Lake Illawarra,1970,12,4630.69893460419,248
Lake Illawarra,1971,1,6838.16889447156,248
Lake Illawarra,1971,2,3711.52556539988,224
Lake Illawarra,1971,3,6668.52123840083,248
Lake Illawarra,1971,4,3645.45489734005,240
Lake Illawarra,1971,5,7416.90800189856,248
Lake Illawarra,1971,6,4917.87289923859,240
Lake Illawarra,1971,7,7285.72099637553,248
Lake Illawarra,1971,8,7040.52566413903,248
Lake Illawarra,1971,9,1685.33377997147,240
Lake Illawarra,1971,10,3670.10619393232,248
Lake Illawarra,1971,11,3031.07924945134,240
Lake Illawarra,1971,12,4142.59216127909,248
Lake Illawarra,1972,1,8225.67779193297,248
Lake Illawarra,1972,2,7082.31737151904,232
Lake Illawarra,1972,3,2928.79656677974,248
Lake Illawarra,1972,4,3071.93179936971,240
Lake Illawarra,1972,5,2681.5125387087,248
Lake Illawarra,1972,6,2575.92884583124,240
Lake Illawarra,1972,7,6881.55879279658,248
Lake Illawarra,1972,8,6228.36195828718,248
Lake Illawarra,1972,9,1869.54748052454,240
Lake Illawarra,1972,10,6628.43418077695,248
Lake Illawarra,1972,11,103.956220756137,240
Lake Illawarra,1972,12,3125.64915587765,248
Lake Illawarra,1973,1,6546.77914014971,248
Lake Illawarra,1973,2,6303.24451164315,224
Lake Illawarra,1973,3,4360.03061716077,248
Lake Illawarra,1973,4,5343.62580231635,240
Lake Illawarra,1973,5,2699.61172465238,248
Lake Illawarra,1973,6,8633.87271889607,240
Lake Illawarra,1973,7,6767.07908983633,248
Lake Illawarra,1973,8,5592.18450778212,248
Lake Illawarra,1973,9,2691.58332176001,240
Lake Illawarra,1973,10,4564.87833878739,248
Lake Illawarra,1973,11,2599.08910680059,240
Lake Illawarra,1973,12,6522.47275258308,248
Lake Illawarra,1974,1,13952.0369048753,248
Lake Illawarra,1974,2,2025.85256792858,224
Lake Illawarra,1974,3,3390.92810530456,248
Lake Illawarra,1974,4,7235.70479707888,240
Lake Illawarra,1974,5,9646.413184869,248
Lake Illawarra,1974,6,7879.58445638001,240
Lake Illawarra,1974,7,13953.9235667987,248
Lake Illawarra,1974,8,10128.3446465412,248
Lake Illawarra,1974,9,5417.79023197343,240
Lake Illawarra,1974,10,4955.27628859996,248
Lake Illawarra,1974,11,3737.82309581611,240
Lake Illawarra,1974,12,1906.41833690933,248
Lake Illawarra,1975,1,3655.92454152224,248
Lake Illawarra,1975,2,3242.08485108608,224
Lake Illawarra,1975,3,1528.17089609901,248
Lake Illawarra,1975,4,5347.63409290979,240
Lake Illawarra,1975,5,5169.02903046011,248
Lake Illawarra,1975,6,7032.87746294828,240
Lake Illawarra,1975,7,4786.16220857885,248
Lake Illawarra,1975,8,7489.68682564098,248
Lake Illawarra,1975,9,5802.6960799584,240
Lake Illawarra,1975,10,4001.00789096046,248
Lake Illawarra,1975,11,6573.00145237714,240
Lake Illawarra,1975,12,5273.2893701272,248
Lake Illawarra,1976,1,5140.26395244089,248
Lake Illawarra,1976,2,6254.44562342622,232
Lake Illawarra,1976,3,4834.16259814005,248
Lake Illawarra,1976,4,733.122531123318,240
Lake Illawarra,1976,5,4712.59955587021,248
Lake Illawarra,1976,6,6357.05338179911,240
Lake Illawarra,1976,7,1967.60678084314,248
Lake Illawarra,1976,8,9809.09411622343,248
Lake Illawarra,1976,9,7091.84278006316,240
Lake Illawarra,1976,10,6147.55969395645,248
Lake Illawarra,1976,11,3988.4911002685,240
Lake Illawarra,1976,12,5929.41096333242,248
Lake Illawarra,1977,1,4284.91979968354,248
Lake Illawarra,1977,2,8744.13080060085,224
Lake Illawarra,1977,3,4675.72639521219,248
Lake Illawarra,1977,4,3629.94158944511,240
Lake Illawarra,1977,5,5500.9354621333,248
Lake Illawarra,1977,6,10272.7176111785,240
Lake Illawarra,1977,7,5568.83954557031,248
Lake Illawarra,1977,8,3168.25873105704,248
Lake Illawarra,1977,9,3063.77385363661,240
Lake Illawarra,1977,10,4487.47480260513,248
Lake Illawarra,1977,11,6720.23211343414,240
Lake Illawarra,1977,12,4677.97881440358,248
Lake Illawarra,1978,1,5478.91251383208,248
Lake Illawarra,1978,2,3918.60327205312,224
Lake Illawarra,1978,3,3651.00958956105,248
Lake Illawarra,1978,4,-350.983920479448,240
Lake Illawarra,1978,5,9253.61735831075,248
Lake Illawarra,1978,6,10897.7445162788,240
Lake Illawarra,1978,7,10462.8872511686,248
Lake Illawarra,1978,8,5412.15739052263,248
Lake Illawarra,1978,9,4177.37643052802,240
Lake Illawarra,1978,10,4256.69424659606,248
Lake Illawarra,1978,11,5560.59092024452,240
Lake Illawarra,1978,12,5339.6756274814,248
Lake Illawarra,1979,1,7975.65087644042,248
Lake Illawarra,1979,2,7036.15466832279,224
Lake Illawarra,1979,3,1527.76107400883,248
Lake Illawarra,1979,4,2563.46594199265,240
Lake Illawarra,1979,5,3507.94636990169,248
Lake Illawarra,1979,6,2585.7037318435,240
Lake Illawarra,1979,7,5538.26146047395,248
Lake Illawarra,1979,8,7392.13094795455,248
Lake Illawarra,1979,9,3719.21470911173,240
Lake Illawarra,1979,10,5427.83226779086,248
Lake Illawarra,1979,11,4901.20864312121,240
Lake Illawarra,1979,12,4838.12052093382,248
Lake Illawarra,1980,1,3239.02824155622,248
Lake Illawarra,1980,2,4567.57305012153,232
Lake Illawarra,1980,3,3773.85234664118,248
Lake Illawarra,1980,4,1940.21385623216,240
Lake Illawarra,1980,5,6177.42538165776,248
Lake Illawarra,1980,6,7565.39925439467,240
Lake Illawarra,1980,7,7216.19295490179,248
Lake Illawarra,1980,8,1382.29848014516,248
Lake Illawarra,1980,9,5024.14480196656,240
Lake Illawarra,1980,10,4665.66304778409,248
Lake Illawarra,1980,11,4766.8040632968,240
Lake Illawarra,1980,12,4357.24286679421,248
Lake Illawarra,1981,1,6780.88487162623,248
Lake Illawarra,1981,2,1894.25881848025,224
Lake Illawarra,1981,3,4901.57725258494,248
Lake Illawarra,1981,4,3743.4089975458,240
Lake Illawarra,1981,5,6718.15648523086,248
Lake Illawarra,1981,6,9839.31376698347,240
Lake Illawarra,1981,7,9138.71939064116,248
Lake Illawarra,1981,8,10061.4277616847,248
Lake Illawarra,1981,9,3850.27878844557,240
Lake Illawarra,1981,10,4861.27281874536,248
Lake Illawarra,1981,11,3703.91724252504,240
Lake Illawarra,1981,12,5570.4604551705,248
Lake Illawarra,1982,1,8075.21592690365,248
Lake Illawarra,1982,2,5829.34061385922,224
Lake Illawarra,1982,3,4553.64634365729,248
Lake Illawarra,1982,4,2692.76825521376,240
Lake Illawarra,1982,5,6083.94996406561,248
Lake Illawarra,1982,6,6692.54806877702,240
Lake Illawarra,1982,7,5842.96523493736,248
Lake Illawarra,1982,8,4625.8391301845,248
Lake Illawarra,1982,9,4822.01150331353,240
Lake Illawarra,1982,10,2888.89041316701,248
Lake Illawarra,1982,11,3369.29021797122,240
Lake Illawarra,1982,12,3736.11264601929,248
Lake Illawarra,1983,1,5263.04797244418,248
Lake Illawarra,1983,2,4679.36955816038,224
Lake Illawarra,1983,3,5378.00514175044,248
Lake Illawarra,1983,4,4712.99272929958,240
Lake Illawarra,1983,5,7345.41675401622,248
Lake Illawarra,1983,6,7831.72995110484,240
Lake Illawarra,1983,7,4955.68585951706,248
Lake Illawarra,1983,8,6427.64955565169,248
Lake Illawarra,1983,9,3255.73474050252,240
Lake Illawarra,1983,10,3949.07430500738,248
Lake Illawarra,1983,11,8468.09388130033,240
Lake Illawarra,1983,12,5742.65981119502,248
Lake Illawarra,1984,1,4948.08966108556,248
Lake Illawarra,1984,2,3893.06890514125,232
Lake Illawarra,1984,3,4871.96114040322,248
Lake Illawarra,1984,4,3114.45874440062,240
Lake Illawarra,1984,5,5147.84585437109,248
Lake Illawarra,1984,6,5901.11454187892,240
Lake Illawarra,1984,7,10766.7108664492,248
Lake Illawarra,1984,8,9721.75731616681,248
Lake Illawarra,1984,9,6468.92487628486,240
Lake Illawarra,1984,10,3412.82372212324,248
Lake Illawarra,1984,11,2274.19302713795,240
Lake Illawarra,1984,12,4226.96313274389,248
Lake Illawarra,1985,1,4635.83907958899,248
Lake Illawarra,1985,2,5254.97651017657,224
Lake Illawarra,1985,3,7757.67309778266,248
Lake Illawarra,1985,4,1796.99800834577,240
Lake Illawarra,1985,5,4221.24906562837,248
Lake Illawarra,1985,6,7553.54927774313,240
Lake Illawarra,1985,7,7482.31250980238,248
Lake Illawarra,1985,8,4867.27936235745,248
Lake Illawarra,1985,9,4477.89484991736,240
Lake Illawarra,1985,10,4287.68756201073,248
Lake Illawarra,1985,11,2013.11418417912,240
Lake Illawarra,1985,12,2847.75435831076,248
Lake Illawarra,1986,1,5368.14457945765,248
Lake Illawarra,1986,2,3318.38269875797,224
Lake Illawarra,1986,3,6072.639700373,248
Lake Illawarra,1986,4,5682.58417542392,240
Lake Illawarra,1986,5,1492.82676911367,248
Lake Illawarra,1986,6,5708.27141927031,240
Lake Illawarra,1986,7,6673.70594130696,248
Lake Illawarra,1986,8,5443.4806379653,248
Lake Illawarra,1986,9,4554.21884206857,240
Lake Illawarra,1986,10,4589.8301526334,248
Lake Illawarra,1986,11,5677.47437366275,240
Lake Illawarra,1986,12,5491.66288524065,248
Lake Illawarra,1987,1,2906.96599032117,248
Lake Illawarra,1987,2,6394.81434318676,224
Lake Illawarra,1987,3,3699.02352712618,248
Lake Illawarra,1987,4,4061.31560851171,240
Lake Illawarra,1987,5,5629.99992063936,248
Lake Illawarra,1987,6,6846.49586779343,240
Lake Illawarra,1987,7,6905.84763475002,248
Lake Illawarra,1987,8,5879.42061127928,248
Lake Illawarra,1987,9,5667.34244433212,240
Lake Illawarra,1987,10,5908.47215112266,248
Lake Illawarra,1987,11,4120.92882409968,240
Lake Illawarra,1987,12,3401.37818598287,248
Lake Illawarra,1988,1,7856.71420671703,248
Lake Illawarra,1988,2,4140.35913605188,232
Lake Illawarra,1988,3,4715.13048278194,248
Lake Illawarra,1988,4,5814.46205342467,240
Lake Illawarra,1988,5,5012.03588319129,248
Lake Illawarra,1988,6,8370.56048502832,240
Lake Illawarra,1988,7,6827.99171383488,248
Lake Illawarra,1988,8,6482.22457872889,248
Lake Illawarra,1988,9,3999.69732448242,240
Lake Illawarra,1988,10,3427.00326555757,248
Lake Illawarra,1988,11,4703.12341225732,240
Lake Illawarra,1988,12,9207.98271433901,248
Lake Illawarra,1989,1,5169.49172456436,248
Lake Illawarra,1989,2,5210.81661956181,224
Lake Illawarra,1989,3,7245.97997089038,248
Lake Illawarra,1989,4,9277.48608857501,240
Lake Illawarra,1989,5,6588.21604046595,248
Lake Illawarra,1989,6,6846.21339916373,240
Lake Illawarra,1989,7,11209.9764042652,248
Lake Illawarra,1989,8,8675.98961902155,248
Lake Illawarra,1989,9,2489.65137242794,240
Lake Illawarra,1989,10,4216.60147166742,248
Lake Illawarra,1989,11,4487.2479988567,240
Lake Illawarra,1989,12,2841.40900857221,248
Lake Illawarra,1990,1,6705.7749674224,248
Lake Illawarra,1990,2,6751.07957738979,224
Lake Illawarra,1990,3,6336.36588768298,248
Lake Illawarra,1990,4,9062.72059029486,240
Lake Illawarra,1990,5,5833.90741146007,248
Lake Illawarra,1990,6,4348.08793624393,240
Lake Illawarra,1990,7,8093.67608793273,248
Lake Illawarra,1990,8,13121.3682042178,248
Lake Illawarra,1990,9,5215.45451471419,240
Lake Illawarra,1990,10,2677.48062172556,248
Lake Illawarra,1990,11,3767.37699086738,240
Lake Illawarra,1990,12,3078.70968255306,248
Lake Illawarra,1991,1,5656.37089270884,248
Lake Illawarra,1991,2,5029.81279007511,224
Lake Illawarra,1991,3,6582.27209985272,248
Lake Illawarra,1991,4,3822.95092162085,240
Lake Illawarra,1991,5,3567.32611129581,248
Lake Illawarra,1991,6,8255.09559513856,240
Lake Illawarra,1991,7,13300.4298597698,248
Lake Illawarra,1991,8,7061.8310193053,248
Lake Illawarra,1991,9,6195.31882585949,240
Lake Illawarra,1991,10,4647.06791717853,248
Lake Illawarra,1991,11,4907.25095980403,240
Lake Illawarra,1991,12,5116.70786670571,248
Lake Illawarra,1992,1,5570.44719251235,248
Lake Illawarra,1992,2,3463.72865842227,232
Lake Illawarra,1992,3,5410.0493435226,248
Lake Illawarra,1992,4,4402.92564709901,240
Lake Illawarra,1992,5,5629.4391351905,248
Lake Illawarra,1992,6,8295.41670696469,240
Lake Illawarra,1992,7,7504.29768454385,248
Lake Illawarra,1992,8,7925.76726322953,248
Lake Illawarra,1992,9,4907.69363111588,240
Lake Illawarra,1992,10,2736.14954292205,248
Lake Illawarra,1992,11,3390.77739283425,240
Lake Illawarra,1992,12,4597.84449501513,248
Lake Illawarra,1993,1,4209.15662848161,248
Lake Illawarra,1993,2,6481.19016704748,224
Lake Illawarra,1993,3,4822.19735948413,248
Lake Illawarra,1993,4,2998.66226485993,240
Lake Illawarra,1993,5,1066.0942190429,248
Lake Illawarra,1993,6,4232.85207956514,240
Lake Illawarra,1993,7,2649.49930829523,248
Lake Illawarra,1993,8,4558.10186017375,248
Lake Illawarra,1993,9,3507.34757114653,240
Lake Illawarra,1993,10,2754.75384576882,248
Lake Illawarra,1993,11,5293.44909742969,240
Lake Illawarra,1993,12,5674.17057309915,248
Lake Illawarra,1994,1,5148.40978594684,248
Lake Illawarra,1994,2,7245.71072474591,224
Lake Illawarra,1994,3,4673.30389662236,248
Lake Illawarra,1994,4,5323.75537810242,240
Lake Illawarra,1994,5,5363.33519995053,248
Lake Illawarra,1994,6,7331.96612104099,240
Lake Illawarra,1994,7,4093.97372463364,248
Lake Illawarra,1994,8,4563.11859731085,248
Lake Illawarra,1994,9,5340.67822502575,240
Lake Illawarra,1994,10,5109.4141123815,248
Lake Illawarra,1994,11,4945.18589480431,240
Lake Illawarra,1994,12,3897.04176337113,248
Lake Illawarra,1995,1,3720.91655527824,248
Lake Illawarra,1995,2,5283.53459639443,224
Lake Illawarra,1995,3,2660.65855535634,248
Lake Illawarra,1995,4,7507.64657428212,240
Lake Illawarra,1995,5,4353.36018323175,248
Lake Illawarra,1995,6,7777.23645663116,240
Lake Illawarra,1995,7,10002.7001669403,248
Lake Illawarra,1995,8,3601.06624020031,248
Lake Illawarra,1995,9,2249.79705659241,240
Lake Illawarra,1995,10,3729.79300277322,248
Lake Illawarra,1995,11,2790.54479217819,240
Lake Illawarra,1995,12,3798.99095482491,248
Lake Illawarra,1996,1,4804.67622028832,248
Lake Illawarra,1996,2,2906.56929862622,232
Lake Illawarra,1996,3,4492.89875601077,248
Lake Illawarra,1996,4,4659.98722363379,240
Lake Illawarra,1996,5,7783.31445201511,248
Lake Illawarra,1996,6,8913.56156567553,240
Lake Illawarra,1996,7,10088.475072282,248
Lake Illawarra,1996,8,7041.63763335003,248
Lake Illawarra,1996,9,5695.84329367922,240
Lake Illawarra,1996,10,4118.29183376406,248
Lake Illawarra,1996,11,3869.63241043875,240
Lake Illawarra,1996,12,5120.78426297213,248
Lake Illawarra,1997,1,5758.25977396087,248
Lake Illawarra,1997,2,1947.71655947247,224
Lake Illawarra,1997,3,6069.77144449948,248
Lake Illawarra,1997,4,3297.18601061016,240
Lake Illawarra,1997,5,4889.32379917002,248
Lake Illawarra,1997,6,-2273.46312583888,240
Lake Illawarra,1997,7,-443.390193542234,248
Lake Illawarra,1997,8,2488.240849048,248
Lake Illawarra,1997,9,2686.35348472652,240
Lake Illawarra,1997,10,3516.90653791025,248
Lake Illawarra,1997,11,5796.29821819226,240
Lake Illawarra,1997,12,4082.53928919312,248
Lake Illawarra,1998,1,8678.48203873321,248
Lake Illawarra,1998,2,4881.03616583809,224
Lake Illawarra,1998,3,3603.39404174554,248
Lake Illawarra,1998,4,4957.87796334377,240
Lake Illawarra,1998,5,6950.00261455946,248
Lake Illawarra,1998,6,7292.92217308205,240
Lake Illawarra,1998,7,8408.06025903326,248
Lake Illawarra,1998,8,6099.04350065866,248
Lake Illawarra,1998,9,6018.41460536057,240
Lake Illawarra,1998,10,4402.27140376543,248
Lake Illawarra,1998,11,2169.13276153722,240
Lake Illawarra,1998,12,7237.27066939741,248
Lake Illawarra,1999,1,7639.8387147649,248
Lake Illawarra,1999,2,2386.74564977639,224
Lake Illawarra,1999,3,5566.08637997365,248
Lake Illawarra,1999,4,5455.68807431693,240
Lake Illawarra,1999,5,6168.8580472582,248
Lake Illawarra,1999,6,6326.73551392124,240
Lake Illawarra,1999,7,5332.56118620348,248
Lake Illawarra,1999,8,4587.47290207738,248
Lake Illawarra,1999,9,5818.81758046366,240
Lake Illawarra,1999,10,4080.66205342956,248
Lake Illawarra,1999,11,2109.50453469667,240
Lake Illawarra,1999,12,7583.51861895975,248
Lake Illawarra,2000,1,2218.17312723823,248
Lake Illawarra,2000,2,10148.5792263153,232
Lake Illawarra,2000,3,6905.71388127373,248
Lake Illawarra,2000,4,4106.46955198183,240
Lake Illawarra,2000,5,6800.11130745152,248
Lake Illawarra,2000,6,6980.6981996079,240
Lake Illawarra,2000,7,6813.06368730163,248
Lake Illawarra,2000,8,6489.34682981534,248
Lake Illawarra,2000,9,3542.03502121453,240
Lake Illawarra,2000,10,5438.46314572395,248
Lake Illawarra,2000,11,8152.98319910726,240
Lake Illawarra,2000,12,4241.61815802079,248
Lake Illawarra,2001,1,6769.23118780198,248
Lake Illawarra,2001,2,6577.38843214679,224
Lake Illawarra,2001,3,2263.42916928502,248
Lake Illawarra,2001,4,3365.52591696841,240
Lake Illawarra,2001,5,4227.07763948036,248
Lake Illawarra,2001,6,6245.11686301702,240
Lake Illawarra,2001,7,5797.55888094966,248
Lake Illawarra,2001,8,8218.70867647383,248
Lake Illawarra,2001,9,4852.85599096023,240
Lake Illawarra,2001,10,2843.45427431448,248
Lake Illawarra,2001,11,4828.49718924103,240
Lake Illawarra,2001,12,1572.59725679788,248
Lake Illawarra,2002,1,4239.79086228599,248
Lake Illawarra,2002,2,5640.77018266917,224
Lake Illawarra,2002,3,3309.27631628006,248
Lake Illawarra,2002,4,4943.75748828982,240
Lake Illawarra,2002,5,4982.42524535568,248
Lake Illawarra,2002,6,5839.91488502152,240
Lake Illawarra,2002,7,4721.75228657217,248
Lake Illawarra,2002,8,3011.09683431255,248
Lake Illawarra,2002,9,3077.01696978363,240
Lake Illawarra,2002,10,3147.68874828672,248
Lake Illawarra,2002,11,3399.65906555548,240
Lake Illawarra,2002,12,5320.04795522846,248
Lake Illawarra,2003,1,3804.24515520211,248
Lake Illawarra,2003,2,8251.79056794584,224
Lake Illawarra,2003,3,4415.64563086407,248
Lake Illawarra,2003,4,933.642215417844,240
Lake Illawarra,2003,5,5783.32034780682,248
Lake Illawarra,2003,6,7889.07741222726,240
Lake Illawarra,2003,7,5810.56914814639,248
Lake Illawarra,2003,8,3236.85650901571,248
Lake Illawarra,2003,9,3174.35531129188,240
Lake Illawarra,2003,10,2208.85595119526,248
Lake Illawarra,2003,11,3098.34201757086,240
Lake Illawarra,2003,12,3761.3367850413,248
Lake Illawarra,2004,1,3963.49095041568,248
Lake Illawarra,2004,2,4059.90762760325,232
Lake Illawarra,2004,3,5513.44527143497,248
Lake Illawarra,2004,4,5150.73381324471,240
Lake Illawarra,2004,5,7145.33968604905,248
Lake Illawarra,2004,6,5842.91746737148,240
Lake Illawarra,2004,7,6392.99248129549,248
Lake Illawarra,2004,8,5996.15129525555,248
Lake Illawarra,2004,9,1342.34416406525,240
Lake Illawarra,2004,10,5055.69236527604,248
Lake Illawarra,2004,11,370.823169404706,240
Lake Illawarra,2004,12,4623.99630062637,248
Lake Illawarra,2005,1,4088.45657949273,248
Lake Illawarra,2005,2,6047.57643253414,224
Lake Illawarra,2005,3,5994.91923689186,248
Lake Illawarra,2005,4,5914.70408255839,240
Lake Illawarra,2005,5,2321.25435804066,248
Lake Illawarra,2005,6,9094.15290639009,240
Lake Illawarra,2005,7,3731.00062033235,248
Lake Illawarra,2005,8,3168.69714896119,248
Lake Illawarra,2005,9,4157.91872554952,240
Lake Illawarra,2005,10,3880.31832310139,248
Lake Illawarra,2005,11,4292.23297314798,240
Lake Illawarra,2005,12,1036.4001892808,248
Lake Illawarra,2006,1,6778.78671449495,248
Lake Illawarra,2006,2,6500.52534031475,224
Lake Illawarra,2006,3,7170.03322545306,248
Lake Illawarra,2006,4,2197.19764567249,240
Lake Illawarra,2006,5,4517.57849341147,248
Lake Illawarra,2006,6,3709.44051245908,240
Lake Illawarra,2006,7,5203.50072761625,248
Lake Illawarra,2006,8,632.898826319765,248
Lake Illawarra,2006,9,4187.70187141356,240
Lake Illawarra,2006,10,2279.55638773631,248
Lake Illawarra,2006,11,2944.99055515427,240
Lake Illawarra,2006,12,6173.86307937159,248
Lake Illawarra,2007,1,7502.84493103558,248
Lake Illawarra,2007,2,10368.9427848181,224
Lake Illawarra,2007,3,3786.27749942475,248
Lake Illawarra,2007,4,4614.31256875144,240
Lake Illawarra,2007,5,5198.70481608528,248
Lake Illawarra,2007,6,9896.05814613541,240
Lake Illawarra,2007,7,9690.93530213035,248
Lake Illawarra,2007,8,6839.33058411974,248
Lake Illawarra,2007,9,2284.58283799478,240
Lake Illawarra,2007,10,3690.6693689265,248
Lake Illawarra,2007,11,8470.8019430606,240
Lake Illawarra,2007,12,5466.67428915515,248
Lake Illawarra,2008,1,7830.71817269423,248
Lake Illawarra,2008,2,5257.886807719,232
Lake Illawarra,2008,3,7031.72291055152,248
Lake Illawarra,2008,4,3021.75864725547,240
Lake Illawarra,2008,5,3810.04253175911,248
Lake Illawarra,2008,6,8189.93370175849,240
Lake Illawarra,2008,7,9454.42131182667,248
Lake Illawarra,2008,8,8409.97043245985,248
Lake Illawarra,2008,9,2810.28129775925,240
Lake Illawarra,2008,10,2671.00377227178,248
Lake Illawarra,2008,11,6774.1404034725,240
Lake Illawarra,2008,12,3315.05206713499,248
Lake Illawarra,2009,1,6834.85409769274,248
Lake Illawarra,2009,2,6425.23158849326,224
Lake Illawarra,2009,3,7533.30174239993,248
Lake Illawarra,2009,4,4869.38990212556,240
Lake Illawarra,2009,5,5132.21361475079,248
Lake Illawarra,2009,6,9125.65032371238,240
Lake Illawarra,2009,7,6498.21853581742,248
Lake Illawarra,2009,8,1239.10010418329,248
Lake Illawarra,2009,9,4717.29663786846,240
Lake Illawarra,2009,10,5280.17012620586,248
Lake Illawarra,2009,11,4680.62389477783,240
Lake Illawarra,2009,12,4483.65319922649,248
Lake Illawarra,2010,1,4155.77912055392,248
Lake Illawarra,2010,2,5517.79361129697,224
Lake Illawarra,2010,3,7869.27595646738,248
Lake Illawarra,2010,4,2193.77744947079,240
Lake Illawarra,2010,5,4585.81276603409,248
Lake Illawarra,2010,6,6605.19167652275,240
Lake Illawarra,2010,7,1961.53083703387,248
Lake Illawarra,2010,8,11103.1770375207,248
Lake Illawarra,2010,9,3919.70781453283,240
Lake Illawarra,2010,10,7223.07477407584,248
Lake Illawarra,2010,11,9470.33600837856,240
Lake Illawarra,2010,12,6298.44666307816,248
Lake Illawarra,2011,1,9527.4643216956,248
Lake Illawarra,2011,2,4102.55109766354,224
Lake Illawarra,2011,3,6534.42320340272,248
Lake Illawarra,2011,4,1589.56299031187,240
Lake Illawarra,2011,5,3457.92841528955,248
Lake Illawarra,2011,6,6284.80060433192,240
Lake Illawarra,2011,7,8256.19842724971,248
Lake Illawarra,2011,8,5294.94718399509,248
Lake Illawarra,2011,9,5025.1696761795,240
Lake Illawarra,2011,10,2812.01196876801,248
Lake Illawarra,2011,11,4353.10217078218,240
Lake Illawarra,2011,12,3413.71684038201,248
Lake Illawarra,2012,1,7697.81525826363,248
Lake Illawarra,2012,2,6114.06325630226,232
Lake Illawarra,2012,3,6143.30957583839,248
Lake Illawarra,2012,4,3716.80926026373,240
Lake Illawarra,2012,5,5462.40946094455,248
Lake Illawarra,2012,6,5185.86123955574,240
Lake Illawarra,2012,7,1755.06604018731,248
Lake Illawarra,2012,8,8276.76949038242,248
Lake Illawarra,2012,9,3515.8007404669,240
Lake Illawarra,2012,10,4551.77420070192,248
Lake Illawarra,2012,11,5029.73226964924,240
Lake Illawarra,2012,12,6064.62787874468,248
Lake Illawarra,2013,1,7605.4145150279,248
Lake Illawarra,2013,2,6023.16814387164,224
Lake Illawarra,2013,3,6093.41824782443,248
Lake Illawarra,2013,4,4525.36932563125,240
Lake Illawarra,2013,5,7334.54891664224,248
Lake Illawarra,2013,6,6921.45847144756,240
Lake Illawarra,2013,7,4970.69464821009,248
Lake Illawarra,2013,8,7278.80524752879,248
Lake Illawarra,2013,9,4058.7079465183,240
Lake Illawarra,2013,10,3343.47400667005,248
Lake Illawarra,2013,11,2768.50894169728,240
Lake Illawarra,2013,12,6101.0303511643,248
Lake Illawarra,2014,1,9230.88507429065,248
Lake Illawarra,2014,2,5268.20020482771,224
Lake Illawarra,2014,3,8939.52118123335,248
Lake Illawarra,2014,4,1683.38816791189,240
Lake Illawarra,2014,5,6423.86835304415,248
Lake Illawarra,2014,6,5840.37924659263,240
Lake Illawarra,2014,7,7766.45275562702,248
Lake Illawarra,2014,8,6103.91046428099,248
Lake Illawarra,2014,9,4086.06199028163,240
Lake Illawarra,2014,10,4577.62521826458,248
Lake Illawarra,2014,11,4567.38933003416,240
Lake Illawarra,2014,12,2975.18273421902,248
