"Year","Month","displacement","SOI_mean","count","Harm_Month"
1851,1,4148.60660743154,NA,248,0.523598775598299
1851,2,3491.72736933654,NA,224,1.0471975511966
1851,3,2148.29507509637,NA,248,1.5707963267949
1851,4,483.081876301859,NA,240,2.0943951023932
1851,5,1579.51048393545,NA,248,2.61799387799149
1851,6,4408.10554567558,NA,240,3.14159265358979
1851,7,4531.90561443078,NA,248,3.66519142918809
1851,8,2907.14797362377,NA,248,4.18879020478639
1851,9,1354.39859380157,NA,240,4.71238898038469
1851,10,2009.04493141311,NA,248,5.23598775598299
1851,11,3360.17663853353,NA,240,5.75958653158129
1851,12,4264.81754963415,NA,248,6.28318530717959
1852,1,3610.24177756328,NA,248,0.523598775598299
1852,2,3312.74864462519,NA,232,1.0471975511966
1852,3,2448.72085264312,NA,248,1.5707963267949
1852,4,974.869064829029,NA,240,2.0943951023932
1852,5,1693.24977535368,NA,248,2.61799387799149
1852,6,3342.27931445736,NA,240,3.14159265358979
1852,7,4481.39039906097,NA,248,3.66519142918809
1852,8,4092.08828275958,NA,248,4.18879020478639
1852,9,963.945196515841,NA,240,4.71238898038469
1852,10,1420.83909114211,NA,248,5.23598775598299
1852,11,3114.39861771291,NA,240,5.75958653158129
1852,12,4043.4760429761,NA,248,6.28318530717959
1853,1,4328.4170326882,NA,248,0.523598775598299
1853,2,3624.37513992951,NA,224,1.0471975511966
1853,3,2447.069938219,NA,248,1.5707963267949
1853,4,868.653123148784,NA,240,2.0943951023932
1853,5,2458.33607227866,NA,248,2.61799387799149
1853,6,4202.6731244249,NA,240,3.14159265358979
1853,7,4003.1011169566,NA,248,3.66519142918809
1853,8,2691.47218534237,NA,248,4.18879020478639
1853,9,926.028919294404,NA,240,4.71238898038469
1853,10,2659.01233008951,NA,248,5.23598775598299
1853,11,2872.71031988288,NA,240,5.75958653158129
1853,12,4137.15485445596,NA,248,6.28318530717959
1854,1,4610.8764624471,NA,248,0.523598775598299
1854,2,3186.89607366249,NA,224,1.0471975511966
1854,3,1817.9443578332,NA,248,1.5707963267949
1854,4,951.650888263381,NA,240,2.0943951023932
1854,5,850.543094311031,NA,248,2.61799387799149
1854,6,4111.99684831463,NA,240,3.14159265358979
1854,7,4724.58788577915,NA,248,3.66519142918809
1854,8,5672.51502685332,NA,248,4.18879020478639
1854,9,1209.23575199769,NA,240,4.71238898038469
1854,10,2381.29099065351,NA,248,5.23598775598299
1854,11,2789.05212220006,NA,240,5.75958653158129
1854,12,3478.00854706522,NA,248,6.28318530717959
1855,1,4890.97761173299,NA,248,0.523598775598299
1855,2,4140.42479434884,NA,224,1.0471975511966
1855,3,2623.66525990417,NA,248,1.5707963267949
1855,4,797.669573091233,NA,240,2.0943951023932
1855,5,1784.85773323983,NA,248,2.61799387799149
1855,6,1884.07292480566,NA,240,3.14159265358979
1855,7,4623.10354905029,NA,248,3.66519142918809
1855,8,5036.77688918524,NA,248,4.18879020478639
1855,9,1881.32541424003,NA,240,4.71238898038469
1855,10,1664.18135885197,NA,248,5.23598775598299
1855,11,2444.42987126152,NA,240,5.75958653158129
1855,12,3963.36501191078,NA,248,6.28318530717959
1856,1,4755.01596047104,NA,248,0.523598775598299
1856,2,3567.07514052364,NA,232,1.0471975511966
1856,3,3072.0152228884,NA,248,1.5707963267949
1856,4,2021.98278341989,NA,240,2.0943951023932
1856,5,2182.15039245553,NA,248,2.61799387799149
1856,6,5724.49023015127,NA,240,3.14159265358979
1856,7,4854.38997508158,NA,248,3.66519142918809
1856,8,2620.55290327554,NA,248,4.18879020478639
1856,9,1251.9890766772,NA,240,4.71238898038469
1856,10,2026.78004646964,NA,248,5.23598775598299
1856,11,3027.98015089662,NA,240,5.75958653158129
1856,12,4302.9326187535,NA,248,6.28318530717959
1857,1,5099.0616064843,NA,248,0.523598775598299
1857,2,3253.98766610673,NA,224,1.0471975511966
1857,3,2937.07456328907,NA,248,1.5707963267949
1857,4,1183.84071431631,NA,240,2.0943951023932
1857,5,2437.81847086347,NA,248,2.61799387799149
1857,6,4496.62087884172,NA,240,3.14159265358979
1857,7,4746.64023050205,NA,248,3.66519142918809
1857,8,2325.81512273759,NA,248,4.18879020478639
1857,9,1881.93610355125,NA,240,4.71238898038469
1857,10,1912.74809119714,NA,248,5.23598775598299
1857,11,2692.11962008879,NA,240,5.75958653158129
1857,12,3081.51136034525,NA,248,6.28318530717959
1858,1,4927.33721666612,NA,248,0.523598775598299
1858,2,3925.23613215569,NA,224,1.0471975511966
1858,3,2596.46586827305,NA,248,1.5707963267949
1858,4,316.789523841248,NA,240,2.0943951023932
1858,5,2174.17304212997,NA,248,2.61799387799149
1858,6,3224.92941273876,NA,240,3.14159265358979
1858,7,5361.81893798493,NA,248,3.66519142918809
1858,8,1647.42348261959,NA,248,4.18879020478639
1858,9,2278.69135409197,NA,240,4.71238898038469
1858,10,2197.65807593837,NA,248,5.23598775598299
1858,11,2950.1316545484,NA,240,5.75958653158129
1858,12,4001.93090211637,NA,248,6.28318530717959
1859,1,4049.43758174842,NA,248,0.523598775598299
1859,2,3167.89832355058,NA,224,1.0471975511966
1859,3,2331.7940612488,NA,248,1.5707963267949
1859,4,1085.414682992,NA,240,2.0943951023932
1859,5,2193.49206784262,NA,248,2.61799387799149
1859,6,3151.23853328278,NA,240,3.14159265358979
1859,7,3767.79964914277,NA,248,3.66519142918809
1859,8,3746.64854172958,NA,248,4.18879020478639
1859,9,2348.87407149292,NA,240,4.71238898038469
1859,10,1086.55562064651,NA,248,5.23598775598299
1859,11,3297.39378605478,NA,240,5.75958653158129
1859,12,3423.85502808551,NA,248,6.28318530717959
1860,1,3188.00020722244,NA,248,0.523598775598299
1860,2,3324.72059706616,NA,232,1.0471975511966
1860,3,2751.6235668101,NA,248,1.5707963267949
1860,4,764.324941979239,NA,240,2.0943951023932
1860,5,1648.35379431293,NA,248,2.61799387799149
1860,6,4190.06653501935,NA,240,3.14159265358979
1860,7,1717.35735254152,NA,248,3.66519142918809
1860,8,690.96560550407,NA,248,4.18879020478639
1860,9,1047.29392861309,NA,240,4.71238898038469
1860,10,1276.40234400418,NA,248,5.23598775598299
1860,11,1880.59904374379,NA,240,5.75958653158129
1860,12,2678.4143591276,NA,248,6.28318530717959
1861,1,3185.73390961675,NA,248,0.523598775598299
1861,2,2878.65844009491,NA,224,1.0471975511966
1861,3,1760.10966423965,NA,248,1.5707963267949
1861,4,1311.22835223031,NA,240,2.0943951023932
1861,5,1902.20804829295,NA,248,2.61799387799149
1861,6,3782.48117309465,NA,240,3.14159265358979
1861,7,4956.33647300542,NA,248,3.66519142918809
1861,8,1479.10586679912,NA,248,4.18879020478639
1861,9,890.787008473381,NA,240,4.71238898038469
1861,10,2089.49456555285,NA,248,5.23598775598299
1861,11,2736.2836150351,NA,240,5.75958653158129
1861,12,2921.89690643093,NA,248,6.28318530717959
1862,1,3010.66667228793,NA,248,0.523598775598299
1862,2,2977.23389420895,NA,224,1.0471975511966
1862,3,1760.58825473755,NA,248,1.5707963267949
1862,4,969.993410442135,NA,240,2.0943951023932
1862,5,3258.54931366494,NA,248,2.61799387799149
1862,6,3011.25250501681,NA,240,3.14159265358979
1862,7,7328.1858354507,NA,248,3.66519142918809
1862,8,3722.89012588088,NA,248,4.18879020478639
1862,9,3290.81046946975,NA,240,4.71238898038469
1862,10,1342.13651375717,NA,248,5.23598775598299
1862,11,2389.74466281328,NA,240,5.75958653158129
1862,12,2864.01473388283,NA,248,6.28318530717959
1863,1,3331.66020840501,NA,248,0.523598775598299
1863,2,3151.93852501266,NA,224,1.0471975511966
1863,3,2596.06009691311,NA,248,1.5707963267949
1863,4,1161.94789655076,NA,240,2.0943951023932
1863,5,2472.2257965401,NA,248,2.61799387799149
1863,6,4320.2195954618,NA,240,3.14159265358979
1863,7,4379.94684232082,NA,248,3.66519142918809
1863,8,4333.58594548374,NA,248,4.18879020478639
1863,9,1213.49872465902,NA,240,4.71238898038469
1863,10,1614.50949637512,NA,248,5.23598775598299
1863,11,2655.89499393975,NA,240,5.75958653158129
1863,12,3461.29963508784,NA,248,6.28318530717959
1864,1,4808.04712997357,NA,248,0.523598775598299
1864,2,4037.14797035662,NA,232,1.0471975511966
1864,3,2609.43666218199,NA,248,1.5707963267949
1864,4,1386.59590108293,NA,240,2.0943951023932
1864,5,1654.23244812784,NA,248,2.61799387799149
1864,6,4035.22999336832,NA,240,3.14159265358979
1864,7,5182.68016275992,NA,248,3.66519142918809
1864,8,6280.38870558828,NA,248,4.18879020478639
1864,9,1683.45541176218,NA,240,4.71238898038469
1864,10,1914.16868504624,NA,248,5.23598775598299
1864,11,2540.13986151566,NA,240,5.75958653158129
1864,12,3321.0465674222,NA,248,6.28318530717959
1865,1,3740.11039545206,NA,248,0.523598775598299
1865,2,2673.10677102319,NA,224,1.0471975511966
1865,3,2599.01814438866,NA,248,1.5707963267949
1865,4,822.534903543399,NA,240,2.0943951023932
1865,5,4166.66160066511,NA,248,2.61799387799149
1865,6,2901.0778170317,NA,240,3.14159265358979
1865,7,4420.05778968115,NA,248,3.66519142918809
1865,8,2093.68008619408,NA,248,4.18879020478639
1865,9,2359.73824218346,NA,240,4.71238898038469
1865,10,1470.56171566199,NA,248,5.23598775598299
1865,11,2813.15764097618,NA,240,5.75958653158129
1865,12,3160.0578631415,NA,248,6.28318530717959
1866,1,3383.4198560749,NA,248,0.523598775598299
1866,2,2659.74881014079,NA,224,1.0471975511966
1866,3,1746.76779342559,NA,248,1.5707963267949
1866,4,1224.49503027343,NA,240,2.0943951023932
1866,5,2701.57869968009,NA,248,2.61799387799149
1866,6,3308.92761701371,NA,240,3.14159265358979
1866,7,3863.46676824792,NA,248,3.66519142918809
1866,8,2869.89329151744,NA,248,4.18879020478639
1866,9,2614.77626407771,NA,240,4.71238898038469
1866,10,1894.08632844033,NA,248,5.23598775598299
1866,11,2607.69881479928,NA,240,5.75958653158129
1866,12,2950.04342174087,NA,248,6.28318530717959
1867,1,2666.86486918128,NA,248,0.523598775598299
1867,2,2541.67559892437,NA,224,1.0471975511966
1867,3,1922.60223349904,NA,248,1.5707963267949
1867,4,1125.44183915176,NA,240,2.0943951023932
1867,5,1566.37446872193,NA,248,2.61799387799149
1867,6,3982.16825941144,NA,240,3.14159265358979
1867,7,4059.38894384913,NA,248,3.66519142918809
1867,8,1979.87089476125,NA,248,4.18879020478639
1867,9,3929.80222056356,NA,240,4.71238898038469
1867,10,3484.824467757,NA,248,5.23598775598299
1867,11,2489.22538016634,NA,240,5.75958653158129
1867,12,3424.68225815305,NA,248,6.28318530717959
1868,1,3281.75002940228,NA,248,0.523598775598299
1868,2,1416.32260759058,NA,232,1.0471975511966
1868,3,2508.79592072179,NA,248,1.5707963267949
1868,4,1188.75339658658,NA,240,2.0943951023932
1868,5,30.4274352594283,NA,248,2.61799387799149
1868,6,5056.25926971427,NA,240,3.14159265358979
1868,7,3392.54319745563,NA,248,3.66519142918809
1868,8,3216.89874706776,NA,248,4.18879020478639
1868,9,2489.70401343606,NA,240,4.71238898038469
1868,10,1847.13792961077,NA,248,5.23598775598299
1868,11,2785.13205609072,NA,240,5.75958653158129
1868,12,3143.7238288833,NA,248,6.28318530717959
1869,1,3286.43052273006,NA,248,0.523598775598299
1869,2,2884.938083506,NA,224,1.0471975511966
1869,3,2704.85658888567,NA,248,1.5707963267949
1869,4,1211.14709011392,NA,240,2.0943951023932
1869,5,2408.53714840738,NA,248,2.61799387799149
1869,6,4223.56056846787,NA,240,3.14159265358979
1869,7,2126.26594222955,NA,248,3.66519142918809
1869,8,2181.33429999788,NA,248,4.18879020478639
1869,9,1600.70761998986,NA,240,4.71238898038469
1869,10,3340.45620954995,NA,248,5.23598775598299
1869,11,2423.76810185403,NA,240,5.75958653158129
1869,12,3527.55248861132,NA,248,6.28318530717959
1870,1,2233.09068516426,NA,248,0.523598775598299
1870,2,1601.13510816192,NA,224,1.0471975511966
1870,3,1517.0530607906,NA,248,1.5707963267949
1870,4,1110.4604883701,NA,240,2.0943951023932
1870,5,952.202712078084,NA,248,2.61799387799149
1870,6,4620.30674469767,NA,240,3.14159265358979
1870,7,3490.31644719414,NA,248,3.66519142918809
1870,8,5218.44703136082,NA,248,4.18879020478639
1870,9,1229.00359894023,NA,240,4.71238898038469
1870,10,782.653439013337,NA,248,5.23598775598299
1870,11,1537.60725864422,NA,240,5.75958653158129
1870,12,3240.29727461208,NA,248,6.28318530717959
1871,1,3525.31081834367,NA,248,0.523598775598299
1871,2,2396.47350712368,NA,224,1.0471975511966
1871,3,1928.31280057275,NA,248,1.5707963267949
1871,4,898.132677456676,NA,240,2.0943951023932
1871,5,3212.57856925197,NA,248,2.61799387799149
1871,6,4368.59122189613,NA,240,3.14159265358979
1871,7,4896.59024861925,NA,248,3.66519142918809
1871,8,2637.22234199771,NA,248,4.18879020478639
1871,9,1223.28965234483,NA,240,4.71238898038469
1871,10,1379.37746289294,NA,248,5.23598775598299
1871,11,2027.87720835161,NA,240,5.75958653158129
1871,12,2931.58012623816,NA,248,6.28318530717959
1872,1,3510.35076015594,NA,248,0.523598775598299
1872,2,2506.43564646845,NA,232,1.0471975511966
1872,3,1316.2610207949,NA,248,1.5707963267949
1872,4,542.327536128457,NA,240,2.0943951023932
1872,5,2068.08822608477,NA,248,2.61799387799149
1872,6,4541.93165867468,NA,240,3.14159265358979
1872,7,4659.30479093493,NA,248,3.66519142918809
1872,8,1880.20186771028,NA,248,4.18879020478639
1872,9,1161.73906386825,NA,240,4.71238898038469
1872,10,1206.62942399666,NA,248,5.23598775598299
1872,11,1673.3137236811,NA,240,5.75958653158129
1872,12,2408.68240442091,NA,248,6.28318530717959
1873,1,3474.36648648291,NA,248,0.523598775598299
1873,2,2592.75355496121,NA,224,1.0471975511966
1873,3,1414.98124898869,NA,248,1.5707963267949
1873,4,1689.57546082081,NA,240,2.0943951023932
1873,5,1795.82239908581,NA,248,2.61799387799149
1873,6,2523.04825617736,NA,240,3.14159265358979
1873,7,1754.95516123086,NA,248,3.66519142918809
1873,8,3297.82432967238,NA,248,4.18879020478639
1873,9,2999.55402033349,NA,240,4.71238898038469
1873,10,1409.02342529713,NA,248,5.23598775598299
1873,11,2983.29863646424,NA,240,5.75958653158129
1873,12,3481.90820374666,NA,248,6.28318530717959
1874,1,4092.42256298764,NA,248,0.523598775598299
1874,2,2926.26627708751,NA,224,1.0471975511966
1874,3,1673.20127607603,NA,248,1.5707963267949
1874,4,1089.20351786035,NA,240,2.0943951023932
1874,5,6474.13177213616,NA,248,2.61799387799149
1874,6,3996.33688199193,NA,240,3.14159265358979
1874,7,4245.98420373629,NA,248,3.66519142918809
1874,8,3856.28979536935,NA,248,4.18879020478639
1874,9,2869.39589714451,NA,240,4.71238898038469
1874,10,1105.93833614257,NA,248,5.23598775598299
1874,11,1734.17792723428,NA,240,5.75958653158129
1874,12,3023.23930947547,NA,248,6.28318530717959
1875,1,3197.11385569909,NA,248,0.523598775598299
1875,2,1814.90161003607,NA,224,1.0471975511966
1875,3,1194.69214975244,NA,248,1.5707963267949
1875,4,836.038606381695,NA,240,2.0943951023932
1875,5,2440.20884374118,NA,248,2.61799387799149
1875,6,4968.8738685382,NA,240,3.14159265358979
1875,7,1788.14396871475,NA,248,3.66519142918809
1875,8,3630.1915074214,NA,248,4.18879020478639
1875,9,2393.59169127132,NA,240,4.71238898038469
1875,10,970.928540175402,NA,248,5.23598775598299
1875,11,2204.77416335552,NA,240,5.75958653158129
1875,12,1827.4036132979,NA,248,6.28318530717959
1876,1,2660.18771704611,11.3,248,0.523598775598299
1876,2,2209.10433498009,11,232,1.0471975511966
1876,3,2062.17582805333,0.2,248,1.5707963267949
1876,4,1158.91725078002,9.4,240,2.0943951023932
1876,5,1416.42366182361,6.8,248,2.61799387799149
1876,6,3105.8699618442,17.2,240,3.14159265358979
1876,7,3735.87249109906,-5.6,248,3.66519142918809
1876,8,1800.23749189285,12.3,248,4.18879020478639
1876,9,1858.74306689156,10.5,240,4.71238898038469
1876,10,1478.5872720543,-8,248,5.23598775598299
1876,11,2218.4245171077,-2.7,240,5.75958653158129
1876,12,3072.85188588571,-3,248,6.28318530717959
1877,1,3708.91279476814,-9.7,248,0.523598775598299
1877,2,2938.01621301175,-6.5,224,1.0471975511966
1877,3,1660.35122366728,-4.7,248,1.5707963267949
1877,4,484.515338875387,-9.6,240,2.0943951023932
1877,5,4594.77368717836,3.6,248,2.61799387799149
1877,6,1669.96340975292,-16.8,240,3.14159265358979
1877,7,1678.23577200583,-10.2,248,3.66519142918809
1877,8,2346.1912760766,-8.2,248,4.18879020478639
1877,9,1811.68724032639,-17.2,240,4.71238898038469
1877,10,1678.47178809365,-16,248,5.23598775598299
1877,11,2650.9614529561,-12.6,240,5.75958653158129
1877,12,2869.96488228509,-12.6,248,6.28318530717959
1878,1,3151.5478567183,-8.7,248,0.523598775598299
1878,2,2315.08098807988,-21.1,224,1.0471975511966
1878,3,1524.62541620912,-15.5,248,1.5707963267949
1878,4,1687.0146348813,-8.8,240,2.0943951023932
1878,5,2602.39742379851,2.1,248,2.61799387799149
1878,6,3987.57876937768,-3.1,240,3.14159265358979
1878,7,4378.34415445546,15.9,248,3.66519142918809
1878,8,5105.8060580181,13,248,4.18879020478639
1878,9,2322.77291816274,17.7,240,4.71238898038469
1878,10,2656.20898200596,10.9,248,5.23598775598299
1878,11,2206.05115799608,15.1,240,5.75958653158129
1878,12,3532.27802396799,17.9,248,6.28318530717959
1879,1,3978.79477111619,12.7,248,0.523598775598299
1879,2,2518.39764044351,14.3,224,1.0471975511966
1879,3,3009.99199529144,13.2,248,1.5707963267949
1879,4,1840.68899891209,12.7,240,2.0943951023932
1879,5,4916.33375197411,2.1,248,2.61799387799149
1879,6,4673.61889203373,16.4,240,3.14159265358979
1879,7,2618.77058468924,21.8,248,3.66519142918809
1879,8,3645.1323697047,22.6,248,4.18879020478639
1879,9,3499.01131035788,18.9,240,4.71238898038469
1879,10,1446.01944957619,15.2,248,5.23598775598299
1879,11,2225.51271219403,9.8,240,5.75958653158129
1879,12,3978.31736693257,-5.5,248,6.28318530717959
1880,1,4669.48528278562,10.8,248,0.523598775598299
1880,2,2675.35119215293,7.7,232,1.0471975511966
1880,3,2726.60502986357,14.3,248,1.5707963267949
1880,4,1769.6051341271,5.3,240,2.0943951023932
1880,5,3995.29458037925,12.3,248,2.61799387799149
1880,6,4526.91333296784,9.1,240,3.14159265358979
1880,7,4462.81438480272,1.6,248,3.66519142918809
1880,8,3870.70587834783,14.3,248,4.18879020478639
1880,9,1518.55405449836,8.1,240,4.71238898038469
1880,10,2637.89459858386,4.8,248,5.23598775598299
1880,11,2970.03621090685,7.2,240,5.75958653158129
1880,12,3634.6765632924,-1.9,248,6.28318530717959
1881,1,5167.62432978135,-7.3,248,0.523598775598299
1881,2,3272.66725261967,-5.5,224,1.0471975511966
1881,3,3358.02037801348,1.8,248,1.5707963267949
1881,4,1059.75460591652,0.3,240,2.0943951023932
1881,5,2105.81309957355,-4.3,248,2.61799387799149
1881,6,4644.92771952066,-4.7,240,3.14159265358979
1881,7,3514.08489855503,-5.6,248,3.66519142918809
1881,8,2266.98674318721,-11.4,248,4.18879020478639
1881,9,2433.25405760332,-13.6,240,4.71238898038469
1881,10,3441.70107839194,-23.9,248,5.23598775598299
1881,11,2194.52813747482,7.2,240,5.75958653158129
1881,12,4013.21549709819,9.8,248,6.28318530717959
1882,1,4962.07529708362,-6.8,248,0.523598775598299
1882,2,3974.49197038833,-1.3,224,1.0471975511966
1882,3,2931.83244431449,5.1,248,1.5707963267949
1882,4,1536.44540933382,1.2,240,2.0943951023932
1882,5,3985.07205558752,6.8,248,2.61799387799149
1882,6,4450.04191064279,-12,240,3.14159265358979
1882,7,4137.81871022171,-21.3,248,3.66519142918809
1882,8,2974.86279814491,-25.6,248,4.18879020478639
1882,9,2875.31919605713,-14.8,240,4.71238898038469
1882,10,2670.17085018969,-2.5,248,5.23598775598299
1882,11,2432.18910091226,2.6,240,5.75958653158129
1882,12,1653.73470261998,10.3,248,6.28318530717959
1883,1,4556.22023564787,6,248,0.523598775598299
1883,2,2410.83894658371,9.1,224,1.0471975511966
1883,3,2576.83001975065,-25.3,248,1.5707963267949
1883,4,462.146642957657,14.4,240,2.0943951023932
1883,5,3649.70091449743,13.9,248,2.61799387799149
1883,6,3517.44594471037,3.4,240,3.14159265358979
1883,7,5348.16708581296,-10.2,248,3.66519142918809
1883,8,2187.19381852056,1.4,248,4.18879020478639
1883,9,3311.63589226869,-8.2,240,4.71238898038469
1883,10,2633.12912885614,4.8,248,5.23598775598299
1883,11,3584.73181636957,5.2,240,5.75958653158129
1883,12,3131.0032662414,-15.2,248,6.28318530717959
1884,1,3262.68178969631,-12.5,248,0.523598775598299
1884,2,3692.28896908163,-5,232,1.0471975511966
1884,3,3598.49565267936,9.4,248,1.5707963267949
1884,4,497.963466970958,-15.4,240,2.0943951023932
1884,5,3940.67972480925,1.3,248,2.61799387799149
1884,6,3060.91646727377,9.1,240,3.14159265358979
1884,7,2558.35976980884,-3,248,3.66519142918809
1884,8,3474.76489213084,-5,248,4.18879020478639
1884,9,1489.93633906773,-7,240,4.71238898038469
1884,10,3262.08132307428,4.2,248,5.23598775598299
1884,11,3652.71684041022,-1.4,240,5.75958653158129
1884,12,3326.31010836119,-12.6,248,6.28318530717959
1885,1,4252.36641196133,-16.3,248,0.523598775598299
1885,2,2838.37152307899,1.6,224,1.0471975511966
1885,3,3223.86307140272,5.1,248,1.5707963267949
1885,4,1193.35506778922,-0.5,240,2.0943951023932
1885,5,2517.3710161059,-4.3,248,2.61799387799149
1885,6,6701.71103190015,-14.4,240,3.14159265358979
1885,7,2197.22631359962,-5,248,3.66519142918809
1885,8,3454.64265665111,-9.5,248,4.18879020478639
1885,9,3594.92551749258,-4,240,4.71238898038469
1885,10,1737.86098541609,-17.8,248,5.23598775598299
1885,11,3214.88220402862,-15.9,240,5.75958653158129
1885,12,3808.49106261007,5.2,248,6.28318530717959
1886,1,3168.86192652395,-0.6,248,0.523598775598299
1886,2,1961.85896076876,1.6,224,1.0471975511966
1886,3,3225.90486782826,2.9,248,1.5707963267949
1886,4,1644.98354109892,4.5,240,2.0943951023932
1886,5,3565.97329472879,6,248,2.61799387799149
1886,6,666.281789529948,5,240,3.14159265358979
1886,7,2697.32347967949,7.4,248,3.66519142918809
1886,8,4444.72484889018,13.6,248,4.18879020478639
1886,9,2742.398126142,13.5,240,4.71238898038469
1886,10,4517.07532708876,13.4,248,5.23598775598299
1886,11,2910.27247703924,10.5,240,5.75958653158129
1886,12,3613.98743553678,14.4,248,6.28318530717959
1887,1,3828.01736007042,12.2,248,0.523598775598299
1887,2,2357.18286807722,11,224,1.0471975511966
1887,3,3205.55559925045,10,248,1.5707963267949
1887,4,1369.79182669606,9.4,240,2.0943951023932
1887,5,2682.30204401507,-4.3,248,2.61799387799149
1887,6,6351.72371626663,5,240,3.14159265358979
1887,7,4874.06406326893,4.8,248,3.66519142918809
1887,8,2432.5431080119,4.6,248,4.18879020478639
1887,9,5324.5869917267,5.1,240,4.71238898038469
1887,10,3446.24214705907,4.8,248,5.23598775598299
1887,11,2400.47088814001,-5.3,240,5.75958653158129
1887,12,4744.13666750294,5.2,248,6.28318530717959
1888,1,4770.93779927105,-3,248,0.523598775598299
1888,2,2557.25956943281,-2.2,232,1.0471975511966
1888,3,3408.07511695557,-11.7,248,1.5707963267949
1888,4,1734.79638626975,-23.6,240,2.0943951023932
1888,5,1944.03670148428,-9.8,248,2.61799387799149
1888,6,3548.15149993741,-16,240,3.14159265358979
1888,7,4776.66532265481,-16.7,248,3.66519142918809
1888,8,3598.11438330102,-8.9,248,4.18879020478639
1888,9,2060.49492818621,-9.4,240,4.71238898038469
1888,10,1851.66204032329,-14.7,248,5.23598775598299
1888,11,3287.79946557227,-12.6,240,5.75958653158129
1888,12,4083.59718670122,-2.4,248,6.28318530717959
1889,1,2625.55309140678,-25.9,248,0.523598775598299
1889,2,1892.22122742328,-1.7,224,1.0471975511966
1889,3,3521.90038972609,-27.5,248,1.5707963267949
1889,4,1707.24387821151,-0.5,240,2.0943951023932
1889,5,1728.39677622233,-1.9,248,2.61799387799149
1889,6,7660.80880363343,22,240,3.14159265358979
1889,7,2191.07346065434,1.6,248,3.66519142918809
1889,8,3410.80269823356,2.1,248,4.18879020478639
1889,9,2711.77037154455,11.1,240,4.71238898038469
1889,10,2756.74544764373,4.2,248,5.23598775598299
1889,11,3148.52556507871,23,240,5.75958653158129
1889,12,3552.87079751587,22,248,6.28318530717959
1890,1,5465.07745388882,20.8,248,0.523598775598299
1890,2,2576.19291116506,11,224,1.0471975511966
1890,3,2680.33101251593,14.3,248,1.5707963267949
1890,4,610.510411124396,6.9,240,2.0943951023932
1890,5,1341.66606187357,3.6,248,2.61799387799149
1890,6,4709.98736727315,5.8,240,3.14159265358979
1890,7,5573.55348363792,-2.3,248,3.66519142918809
1890,8,5089.27742147514,-3.1,248,4.18879020478639
1890,9,2965.63382014436,9.3,240,4.71238898038469
1890,10,3080.4629849347,3.6,248,5.23598775598299
1890,11,3061.07531010272,2.6,240,5.75958653158129
1890,12,3539.27266591537,0.6,248,6.28318530717959
1891,1,3932.97429563134,15.6,248,0.523598775598299
1891,2,3280.39630918708,-3.6,224,1.0471975511966
1891,3,2575.61846635498,-9.5,248,1.5707963267949
1891,4,1649.94162803991,4.5,240,2.0943951023932
1891,5,1697.87074309897,-0.3,248,2.61799387799149
1891,6,6915.0146302567,-1.5,240,3.14159265358979
1891,7,5991.56778265269,-6.3,248,3.66519142918809
1891,8,5021.48697191476,-8.9,248,4.18879020478639
1891,9,3667.3376748537,-10.6,240,4.71238898038469
1891,10,1946.99514363962,0.6,248,5.23598775598299
1891,11,2118.90339166102,-4.7,240,5.75958653158129
1891,12,3147.87451599773,-4.5,248,6.28318530717959
1892,1,5430.71021194994,2.7,248,0.523598775598299
1892,2,2764.25636472663,-10.2,232,1.0471975511966
1892,3,1424.17417715863,11.1,248,1.5707963267949
1892,4,2206.15081605804,6.9,240,2.0943951023932
1892,5,1345.54926532325,10,248,2.61799387799149
1892,6,4451.30340761011,19.6,240,3.14159265358979
1892,7,4171.60417236545,7.4,248,3.66519142918809
1892,8,3794.50355664609,5.9,248,4.18879020478639
1892,9,3381.65769845874,6.3,240,4.71238898038469
1892,10,3058.04242869588,8.5,248,5.23598775598299
1892,11,2502.51575198686,-0.7,240,5.75958653158129
1892,12,2985.41191016922,3.7,248,6.28318530717959
1893,1,2926.69812414469,11.3,248,0.523598775598299
1893,2,3681.16119742364,7.7,224,1.0471975511966
1893,3,2062.63977405095,-1.4,248,1.5707963267949
1893,4,1957.68436163906,1.2,240,2.0943951023932
1893,5,3101.50707316768,-3.5,248,2.61799387799149
1893,6,5665.22033021626,10.7,240,3.14159265358979
1893,7,7216.44717680791,14,248,3.66519142918809
1893,8,3005.59969477796,7.8,248,4.18879020478639
1893,9,3811.19283147894,5.7,240,4.71238898038469
1893,10,1810.56297652974,7.9,248,5.23598775598299
1893,11,2497.22407742828,2.6,240,5.75958653158129
1893,12,3307.11330377607,1.6,248,6.28318530717959
1894,1,4904.701715387,17.5,248,0.523598775598299
1894,2,3651.53030992633,10,224,1.0471975511966
1894,3,3359.43766563928,5.6,248,1.5707963267949
1894,4,2448.83867661629,-3,240,2.0943951023932
1894,5,2403.90937641152,-5.1,248,2.61799387799149
1894,6,4735.50481955411,-1.5,240,3.14159265358979
1894,7,5869.01457011043,-2.3,248,3.66519142918809
1894,8,4368.80761435961,-5.7,248,4.18879020478639
1894,9,2256.25623132229,-1.6,240,4.71238898038469
1894,10,2183.64077569097,1.8,248,5.23598775598299
1894,11,1801.19487341624,7.2,240,5.75958653158129
1894,12,3765.05884933304,0.1,248,6.28318530717959
1895,1,3632.47551852004,5.6,248,0.523598775598299
1895,2,2814.37417606681,3,224,1.0471975511966
1895,3,1584.70635385518,-0.3,248,1.5707963267949
1895,4,487.331210177561,-7.1,240,2.0943951023932
1895,5,1765.7769834508,-8.2,248,2.61799387799149
1895,6,4957.02450320285,-4.7,240,3.14159265358979
1895,7,6609.33625138526,-0.4,248,3.66519142918809
1895,8,3870.01842938573,-6.3,248,4.18879020478639
1895,9,4002.36548359183,-4,240,4.71238898038469
1895,10,2481.74264783209,-5.6,248,5.23598775598299
1895,11,3025.35631326488,-8.6,240,5.75958653158129
1895,12,1776.80233542564,-3.5,248,6.28318530717959
1896,1,2176.46089851876,1.3,248,0.523598775598299
1896,2,3484.01932921614,4.9,232,1.0471975511966
1896,3,1930.6721692241,-6.3,248,1.5707963267949
1896,4,2631.73139958776,-8.8,240,2.0943951023932
1896,5,2270.70180509748,-42.2,248,2.61799387799149
1896,6,6427.09544139241,-30.6,240,3.14159265358979
1896,7,4692.74971994508,-20.6,248,3.66519142918809
1896,8,3281.71749760611,-22.4,248,4.18879020478639
1896,9,1266.43153648118,-19,240,4.71238898038469
1896,10,1390.02257775952,-19,248,5.23598775598299
1896,11,2487.898785622,-11.9,240,5.75958653158129
1896,12,2132.09363207056,-14.2,248,6.28318530717959
1897,1,2072.21952161096,-12.5,248,0.523598775598299
1897,2,1899.65154999143,-7.4,224,1.0471975511966
1897,3,2626.01648288469,-16.6,248,1.5707963267949
1897,4,770.579426250629,-17.8,240,2.0943951023932
1897,5,1782.72041786662,-16.9,248,2.61799387799149
1897,6,1776.80145547705,0.2,240,3.14159265358979
1897,7,4851.50120593,-2.3,248,3.66519142918809
1897,8,4077.52770727427,0.8,248,4.18879020478639
1897,9,2886.65996626105,0.2,240,4.71238898038469
1897,10,2486.9502892683,1.8,248,5.23598775598299
1897,11,2791.29884557528,-8,240,5.75958653158129
1897,12,3225.77825713599,10.3,248,6.28318530717959
1898,1,2928.47816297195,7,248,0.523598775598299
1898,2,3694.45925962775,6.3,224,1.0471975511966
1898,3,2916.98938560325,19.2,248,1.5707963267949
1898,4,1607.20014040923,11.1,240,2.0943951023932
1898,5,2092.95387156836,-1.9,248,2.61799387799149
1898,6,2429.22388924265,-2.3,240,3.14159265358979
1898,7,3966.98260111557,6.1,248,3.66519142918809
1898,8,2884.44511674811,2.1,248,4.18879020478639
1898,9,2762.08573551678,3.2,240,4.71238898038469
1898,10,2798.87630685277,-0.7,248,5.23598775598299
1898,11,2202.18983672451,-2.7,240,5.75958653158129
1898,12,4302.9427700001,-0.4,248,6.28318530717959
1899,1,4668.19378971319,13.2,248,0.523598775598299
1899,2,3875.3967079485,9.1,224,1.0471975511966
1899,3,2798.06106587859,13.8,248,1.5707963267949
1899,4,1333.41085237271,4.5,240,2.0943951023932
1899,5,3434.84766496342,-7.4,248,2.61799387799149
1899,6,4727.25779847462,-10.4,240,3.14159265358979
1899,7,2357.82376752839,-5.6,248,3.66519142918809
1899,8,1709.99373520273,-10.1,248,4.18879020478639
1899,9,1003.0682700007,-1.6,240,4.71238898038469
1899,10,2026.46384090374,6.1,248,5.23598775598299
1899,11,2599.80762046557,15.8,240,5.75958653158129
1899,12,1841.21713207382,-3,248,6.28318530717959
1900,1,3542.67355018248,-7.3,248,0.523598775598299
1900,2,3412.28547606456,-6.5,224,1.0471975511966
1900,3,1430.77904045739,-25.3,248,1.5707963267949
1900,4,2381.71638588666,-18.7,240,2.0943951023932
1900,5,2650.41730189036,-7.4,248,2.61799387799149
1900,6,3768.7701160548,26.1,240,3.14159265358979
1900,7,4436.3872013627,10,248,3.66519142918809
1900,8,4018.65288248704,7.8,248,4.18879020478639
1900,9,1608.79157491631,-16.6,240,4.71238898038469
1900,10,2021.24669499145,-17.2,248,5.23598775598299
1900,11,3078.93872873236,-6,240,5.75958653158129
1900,12,2829.76782748779,-5.5,248,6.28318530717959
1901,1,3168.67663367642,-0.1,248,0.523598775598299
1901,2,3096.4183690534,3,224,1.0471975511966
1901,3,1637.51152711206,9.4,248,1.5707963267949
1901,4,2515.64614378163,4.5,240,2.0943951023932
1901,5,1899.52179845494,-0.3,248,2.61799387799149
1901,6,5052.67863376302,19.6,240,3.14159265358979
1901,7,3975.00739966626,14.6,248,3.66519142918809
1901,8,3191.90133118506,9.8,248,4.18879020478639
1901,9,2923.74196010554,-16,240,4.71238898038469
1901,10,2336.04458168716,-22.1,248,5.23598775598299
1901,11,2478.91657273383,-8.6,240,5.75958653158129
1901,12,3939.08867933944,-1.9,248,6.28318530717959
1902,1,3398.72329235282,17,248,0.523598775598299
1902,2,3293.75079701248,-2.2,224,1.0471975511966
1902,3,3071.35026452637,11.6,248,1.5707963267949
1902,4,1334.79586313684,7.8,240,2.0943951023932
1902,5,1627.42565063928,7.6,248,2.61799387799149
1902,6,2869.97060404023,2.6,240,3.14159265358979
1902,7,2825.37234350641,1.6,248,3.66519142918809
1902,8,2004.67797150738,-8.9,248,4.18879020478639
1902,9,4142.48106568342,-17.8,240,4.71238898038469
1902,10,1813.89406657574,-7.4,248,5.23598775598299
1902,11,1247.31558808736,-3.4,240,5.75958653158129
1902,12,3009.29953767528,-3,248,6.28318530717959
1903,1,4521.99794213745,-9.2,248,0.523598775598299
1903,2,3068.34011350948,-10.2,224,1.0471975511966
1903,3,2341.6990454081,17.6,248,1.5707963267949
1903,4,1680.77728540378,17.7,240,2.0943951023932
1903,5,2630.49887434412,7.6,248,2.61799387799149
1903,6,3744.43365470156,-0.6,240,3.14159265358979
1903,7,5083.27708609845,6.1,248,3.66519142918809
1903,8,2337.99882627429,0.1,248,4.18879020478639
1903,9,3213.72352611182,8.7,240,4.71238898038469
1903,10,2979.40067479299,4.2,248,5.23598775598299
1903,11,2450.51973293818,1.3,240,5.75958653158129
1903,12,3346.60109277702,15.9,248,6.28318530717959
1904,1,4438.84987780462,14.1,248,0.523598775598299
1904,2,3253.56196040383,16.2,232,1.0471975511966
1904,3,2652.03153944167,9.4,248,1.5707963267949
1904,4,1977.30913330818,31.7,240,2.0943951023932
1904,5,3120.89281834262,9.2,248,2.61799387799149
1904,6,6187.73220026124,-7.1,240,3.14159265358979
1904,7,3320.19981172232,-8.9,248,3.66519142918809
1904,8,2671.42253262902,0.8,248,4.18879020478639
1904,9,2570.76859694762,0.2,240,4.71238898038469
1904,10,2089.60252838358,1.2,248,5.23598775598299
1904,11,2535.3037161393,-17.2,240,5.75958653158129
1904,12,2839.51573792007,2.6,248,6.28318530717959
1905,1,3963.81842763602,-9.2,248,0.523598775598299
1905,2,3646.39297867824,-16.8,224,1.0471975511966
1905,3,2134.13984522172,-30.2,248,1.5707963267949
1905,4,1471.49176138701,-42.6,240,2.0943951023932
1905,5,4174.77668288805,-37.4,248,2.61799387799149
1905,6,4769.9926000041,-31.4,240,3.14159265358979
1905,7,6375.74761304251,-21.3,248,3.66519142918809
1905,8,3245.56201824065,-7.6,248,4.18879020478639
1905,9,4257.25645429032,-7,240,4.71238898038469
1905,10,3039.8410406912,-5.6,248,5.23598775598299
1905,11,2333.37855277585,-17.9,240,5.75958653158129
1905,12,3398.92416792795,-13.1,248,6.28318530717959
1906,1,2821.20715218476,-3.5,248,0.523598775598299
1906,2,3317.25311826516,-7.4,224,1.0471975511966
1906,3,1236.16241483578,-5.2,248,1.5707963267949
1906,4,1982.06141022941,-8.8,240,2.0943951023932
1906,5,3069.06375785487,1.3,248,2.61799387799149
1906,6,3414.315817432,-3.9,240,3.14159265358979
1906,7,5770.04937600325,6.8,248,3.66519142918809
1906,8,2421.75700884383,15.5,248,4.18879020478639
1906,9,2095.34869657782,18.3,240,4.71238898038469
1906,10,1738.44529460843,9.1,248,5.23598775598299
1906,11,2520.70347648955,21.7,240,5.75958653158129
1906,12,3029.20273292211,4.7,248,6.28318530717959
1907,1,4036.22344673614,5.1,248,0.523598775598299
1907,2,3192.08512426196,1.6,224,1.0471975511966
1907,3,1454.30667790165,-0.3,248,1.5707963267949
1907,4,3099.30145799073,4.5,240,2.0943951023932
1907,5,1930.1720044351,10,248,2.61799387799149
1907,6,2146.4233432893,8.3,240,3.14159265358979
1907,7,5663.73325179439,-4.3,248,3.66519142918809
1907,8,5516.63367261933,-8.2,248,4.18879020478639
1907,9,2805.71122315888,0.2,240,4.71238898038469
1907,10,3375.78212045877,0.6,248,5.23598775598299
1907,11,3549.44361298015,-2,240,5.75958653158129
1907,12,2831.17774379169,8.8,248,6.28318530717959
1908,1,5005.88447124568,-10.6,248,0.523598775598299
1908,2,1666.75041484494,7.7,232,1.0471975511966
1908,3,2832.61983683291,0.2,248,1.5707963267949
1908,4,2216.42761978414,16.8,240,2.0943951023932
1908,5,2916.00618432262,-1.1,248,2.61799387799149
1908,6,3766.1362023821,-2.3,240,3.14159265358979
1908,7,2590.04422579911,2.2,248,3.66519142918809
1908,8,3054.15284004591,5.3,248,4.18879020478639
1908,9,2931.2440793261,17.7,240,4.71238898038469
1908,10,2248.65311567265,7.9,248,5.23598775598299
1908,11,3910.14599139362,2.6,240,5.75958653158129
1908,12,3673.5823946553,-5.5,248,6.28318530717959
1909,1,3093.23117173858,-2.5,248,0.523598775598299
1909,2,3301.9724777463,-3.2,224,1.0471975511966
1909,3,1845.18148843555,-0.3,248,1.5707963267949
1909,4,2112.32452074674,-14.5,240,2.0943951023932
1909,5,2918.33735059818,2.1,248,2.61799387799149
1909,6,4458.76438764321,22.8,240,3.14159265358979
1909,7,6760.02602773794,10.7,248,3.66519142918809
1909,8,4316.73837625187,9.8,248,4.18879020478639
1909,9,4989.8020221554,0.8,240,4.71238898038469
1909,10,2284.79337299455,4.2,248,5.23598775598299
1909,11,2683.82294227275,9.2,240,5.75958653158129
1909,12,1753.19068928113,4.7,248,6.28318530717959
1910,1,2928.9639182909,5.6,248,0.523598775598299
1910,2,3721.83065763997,15.2,224,1.0471975511966
1910,3,1910.0258966271,12.7,248,1.5707963267949
1910,4,1909.19968952624,5.3,240,2.0943951023932
1910,5,1439.83407536736,0.5,248,2.61799387799149
1910,6,4759.82451126612,22,240,3.14159265358979
1910,7,6090.12526971383,20.5,248,3.66519142918809
1910,8,2591.41858819052,9.8,248,4.18879020478639
1910,9,2039.54586965866,15.3,240,4.71238898038469
1910,10,3729.40562415142,10.3,248,5.23598775598299
1910,11,2572.33162243081,19.7,240,5.75958653158129
1910,12,4159.90586800992,15.9,248,6.28318530717959
1911,1,3886.47320539174,3.2,248,0.523598775598299
1911,2,2972.11400950505,1.6,224,1.0471975511966
1911,3,2635.00491794111,3.5,248,1.5707963267949
1911,4,1953.79734326347,2,240,2.0943951023932
1911,5,3150.43344720973,-8.2,248,2.61799387799149
1911,6,5431.03315540872,-12,240,3.14159265358979
1911,7,3644.23032776488,-12.8,248,3.66519142918809
1911,8,1563.75131822275,-12.1,248,4.18879020478639
1911,9,2298.51879833384,-8.8,240,4.71238898038469
1911,10,1491.57267323172,-11.7,248,5.23598775598299
1911,11,3033.6065925976,-7.3,240,5.75958653158129
1911,12,2838.56151771986,-1.4,248,6.28318530717959
1912,1,3769.62529289246,-9.7,248,0.523598775598299
1912,2,4247.47310453182,-17.3,232,1.0471975511966
1912,3,1965.42192330843,-9,248,1.5707963267949
1912,4,1594.15244270005,-21.1,240,2.0943951023932
1912,5,896.545661281989,-13,248,2.61799387799149
1912,6,3156.65815669511,-6.3,240,3.14159265358979
1912,7,2457.03219296077,-0.4,248,3.66519142918809
1912,8,3803.9640980642,-7.6,248,4.18879020478639
1912,9,5063.3337792346,-4,240,4.71238898038469
1912,10,2697.66061535859,-8,248,5.23598775598299
1912,11,2934.03747693192,2.6,240,5.75958653158129
1912,12,3227.8405696614,-8,248,6.28318530717959
1913,1,2687.4968408078,-3.5,248,0.523598775598299
1913,2,3496.26195966885,-5,224,1.0471975511966
1913,3,2297.65844782028,1.3,248,1.5707963267949
1913,4,1384.64724546634,-6.3,240,2.0943951023932
1913,5,3244.37971686043,-8.2,248,2.61799387799149
1913,6,2544.89722566086,-3.9,240,3.14159265358979
1913,7,2785.99487794004,-1.7,248,3.66519142918809
1913,8,5301.10686392177,-7.6,248,4.18879020478639
1913,9,2441.41535268805,-9.4,240,4.71238898038469
1913,10,2846.79479321904,-9.2,248,5.23598775598299
1913,11,5069.48298009387,-11.9,240,5.75958653158129
1913,12,3516.76308864822,-7,248,6.28318530717959
1914,1,2995.20933238864,-5.4,248,0.523598775598299
1914,2,3820.01460332837,2,224,1.0471975511966
1914,3,3985.66100049502,9.4,248,1.5707963267949
1914,4,2626.02827058282,-14.5,240,2.0943951023932
1914,5,3319.56038165798,-0.3,248,2.61799387799149
1914,6,1562.85229486994,-16.8,240,3.14159265358979
1914,7,3436.89368179232,-18,248,3.66519142918809
1914,8,1135.74423422535,-17.2,248,4.18879020478639
1914,9,1792.72509005363,-12.4,240,4.71238898038469
1914,10,1848.03862712662,-8.6,248,5.23598775598299
1914,11,3021.50225784933,-11.9,240,5.75958653158129
1914,12,2146.96191743622,-1.4,248,6.28318530717959
1915,1,2849.37661522258,-21.6,248,0.523598775598299
1915,2,2557.24367245333,-2.2,224,1.0471975511966
1915,3,2066.50313484353,-20.4,248,1.5707963267949
1915,4,859.404929502269,-17.8,240,2.0943951023932
1915,5,3877.18871295682,-12.2,248,2.61799387799149
1915,6,5033.3112031586,6.6,240,3.14159265358979
1915,7,2629.71007179475,14,248,3.66519142918809
1915,8,6567.56606620038,7.2,248,4.18879020478639
1915,9,5047.0232597593,7.5,240,4.71238898038469
1915,10,2713.3123618829,2.4,248,5.23598775598299
1915,11,2537.9948381972,-14.6,240,5.75958653158129
1915,12,3215.10959593581,9.8,248,6.28318530717959
1916,1,4234.86398069732,5.6,248,0.523598775598299
1916,2,2191.28686145051,-3.6,232,1.0471975511966
1916,3,817.383839629596,-6.3,248,1.5707963267949
1916,4,1895.12824692457,-0.5,240,2.0943951023932
1916,5,1309.18679821599,6.8,248,2.61799387799149
1916,6,4973.10840676107,9.1,240,3.14159265358979
1916,7,3086.44141238135,25.7,248,3.66519142918809
1916,8,4871.34033982195,16.2,248,4.18879020478639
1916,9,2993.52598833582,4.5,240,4.71238898038469
1916,10,2668.38255143187,6.1,248,5.23598775598299
1916,11,4203.79550383116,9.8,240,5.75958653158129
1916,12,4540.86706494067,15.4,248,6.28318530717959
1917,1,4435.06553640306,5.1,248,0.523598775598299
1917,2,3117.60550723732,10,224,1.0471975511966
1917,3,2454.5703608528,18.1,248,1.5707963267949
1917,4,707.182995043605,21.8,240,2.0943951023932
1917,5,4224.55390346188,21.8,248,2.61799387799149
1917,6,2750.48478839124,21.2,240,3.14159265358979
1917,7,6090.08709074597,28.3,248,3.66519142918809
1917,8,3021.97978058447,34.8,248,4.18879020478639
1917,9,3616.80873695351,29.7,240,4.71238898038469
1917,10,1982.98931685311,15.2,248,5.23598775598299
1917,11,3279.18900353572,21,240,5.75958653158129
1917,12,4154.23250075664,22.5,248,6.28318530717959
1918,1,4242.84585073927,14.6,248,0.523598775598299
1918,2,2366.78875080361,16.6,224,1.0471975511966
1918,3,1936.65776015825,-2,248,1.5707963267949
1918,4,1352.69081249776,16.8,240,2.0943951023932
1918,5,3028.90846125445,10,248,2.61799387799149
1918,6,4517.38078509071,-4.7,240,3.14159265358979
1918,7,3499.55535972509,-14.1,248,3.66519142918809
1918,8,3790.49466679265,-4.4,248,4.18879020478639
1918,9,1396.39376030622,-8.2,240,4.71238898038469
1918,10,3079.43320791542,-5,248,5.23598775598299
1918,11,2829.41860969823,1.3,240,5.75958653158129
1918,12,3324.0758454169,-8,248,6.28318530717959
1919,1,2475.089719569,-14.9,248,0.523598775598299
1919,2,3178.56698264948,-11.2,224,1.0471975511966
1919,3,2971.29227460845,-12.8,248,1.5707963267949
1919,4,1317.75063445028,-3,240,2.0943951023932
1919,5,2636.59555088784,-7.4,248,2.61799387799149
1919,6,3079.81484861643,-10.4,240,3.14159265358979
1919,7,5186.14756912909,-8.9,248,3.66519142918809
1919,8,3430.93484841154,-6.9,248,4.18879020478639
1919,9,3438.69267480755,-5.8,240,4.71238898038469
1919,10,1776.77042331421,-10.5,248,5.23598775598299
1919,11,2428.14286823551,-11.3,240,5.75958653158129
1919,12,2168.9346313453,-9.1,248,6.28318530717959
1920,1,2170.98133971474,1.8,248,0.523598775598299
1920,2,2622.54877184324,-1.7,232,1.0471975511966
1920,3,2602.31181268069,-4.1,248,1.5707963267949
1920,4,1598.26241705721,0.3,240,2.0943951023932
1920,5,1431.2377775094,-2.7,248,2.61799387799149
1920,6,5263.23261363352,6.6,240,3.14159265358979
1920,7,4284.05653654688,9.4,248,3.66519142918809
1920,8,6929.94910009186,5.3,248,4.18879020478639
1920,9,3123.4315624704,5.1,240,4.71238898038469
1920,10,2929.30940959319,-4.3,248,5.23598775598299
1920,11,2467.4676639553,-0.1,240,5.75958653158129
1920,12,3102.86613189938,9.8,248,6.28318530717959
1921,1,3552.85366838567,10.8,248,0.523598775598299
1921,2,2459.98963321812,6.7,224,1.0471975511966
1921,3,1715.63859728312,8.9,248,1.5707963267949
1921,4,2277.90754180159,-7.1,240,2.0943951023932
1921,5,2625.79003123807,2.1,248,2.61799387799149
1921,6,1975.20916880017,22,240,3.14159265358979
1921,7,4146.118800423,2.9,248,3.66519142918809
1921,8,4407.12150087534,-6.9,248,4.18879020478639
1921,9,2068.48653107433,5.1,240,4.71238898038469
1921,10,3545.11640282119,9.7,248,5.23598775598299
1921,11,2262.0045644539,8.5,240,5.75958653158129
1921,12,2423.88772189183,8.2,248,6.28318530717959
1922,1,2801.59140091588,8,248,0.523598775598299
1922,2,3604.97349235657,9.1,224,1.0471975511966
1922,3,1517.35837408091,5.6,248,1.5707963267949
1922,4,1719.04890872884,-5.5,240,2.0943951023932
1922,5,3218.30854014245,-5.1,248,2.61799387799149
1922,6,3387.18943928421,5.8,240,3.14159265358979
1922,7,4775.54971152325,2.2,248,3.66519142918809
1922,8,5137.17636728923,-1.2,248,4.18879020478639
1922,9,2407.08455277522,5.1,240,4.71238898038469
1922,10,2418.98167219807,6.1,248,5.23598775598299
1922,11,3504.17980941813,8.5,240,5.75958653158129
1922,12,2954.66005423648,11.8,248,6.28318530717959
1923,1,4174.37635351837,5.6,248,0.523598775598299
1923,2,4236.52361279514,4.4,224,1.0471975511966
1923,3,2789.86005396142,8.9,248,1.5707963267949
1923,4,2058.11394645463,8.6,240,2.0943951023932
1923,5,5794.82336250207,2.1,248,2.61799387799149
1923,6,5106.2776288357,1,240,3.14159265358979
1923,7,7711.47392085339,-11.5,248,3.66519142918809
1923,8,4236.17633638763,-18.5,248,4.18879020478639
1923,9,6007.5257376477,-14.8,240,4.71238898038469
1923,10,4025.30190500186,-6.2,248,5.23598775598299
1923,11,2975.68099046475,-12.6,240,5.75958653158129
1923,12,2501.65256422143,2.1,248,6.28318530717959
1924,1,4021.9856745384,-5.4,248,0.523598775598299
1924,2,2125.60126630414,1.1,232,1.0471975511966
1924,3,2559.6255687069,2.4,248,1.5707963267949
1924,4,2884.28083087122,-15.4,240,2.0943951023932
1924,5,3729.65434203297,11.5,248,2.61799387799149
1924,6,3735.92692104258,8.3,240,3.14159265358979
1924,7,2013.54072179333,7.4,248,3.66519142918809
1924,8,3536.89295380908,10.4,248,4.18879020478639
1924,9,1199.94254536618,8.1,240,4.71238898038469
1924,10,2591.51049864533,7.9,248,5.23598775598299
1924,11,3280.70004822791,11.8,240,5.75958653158129
1924,12,3386.61557323985,5.2,248,6.28318530717959
1925,1,3788.31631771031,5.6,248,0.523598775598299
1925,2,3033.20805351458,13.8,224,1.0471975511966
1925,3,2264.76320130325,14.9,248,1.5707963267949
1925,4,3131.89364660451,14.4,240,2.0943951023932
1925,5,3904.55416688814,-1.1,248,2.61799387799149
1925,6,2511.35456506831,-4.7,240,3.14159265358979
1925,7,7550.07931495532,-13.4,248,3.66519142918809
1925,8,2038.42825056523,-10.8,248,4.18879020478639
1925,9,5039.49802219506,-6.4,240,4.71238898038469
1925,10,1739.40718270092,-12.9,248,5.23598775598299
1925,11,3146.4314517586,-9.3,240,5.75958653158129
1925,12,3570.83883502902,-7,248,6.28318530717959
1926,1,3738.07171512234,-5.4,248,0.523598775598299
1926,2,2717.4458243329,-14.5,224,1.0471975511966
1926,3,2850.99998401014,-13.3,248,1.5707963267949
1926,4,3849.83961643323,-7.1,240,2.0943951023932
1926,5,3436.53275755859,-2.7,248,2.61799387799149
1926,6,4901.72782474662,-7.1,240,3.14159265358979
1926,7,3893.44647786809,-1,248,3.66519142918809
1926,8,4933.44559299698,-7.6,248,4.18879020478639
1926,9,2722.80394152783,1.4,240,4.71238898038469
1926,10,4367.6116672431,4.2,248,5.23598775598299
1926,11,3567.00053383979,1.3,240,5.75958653158129
1926,12,2652.21495317845,6.2,248,6.28318530717959
1927,1,3197.99201843273,5.1,248,0.523598775598299
1927,2,2723.16960215112,1.1,224,1.0471975511966
1927,3,2980.17354565988,18.1,248,1.5707963267949
1927,4,901.83426825129,6.9,240,2.0943951023932
1927,5,4401.53365020577,6,248,2.61799387799149
1927,6,2433.2510569589,8.3,240,3.14159265358979
1927,7,7107.00281782119,6.1,248,3.66519142918809
1927,8,6025.5774086136,-5,248,4.18879020478639
1927,9,2959.93368680582,-0.4,240,4.71238898038469
1927,10,1236.39152486269,-4.3,248,5.23598775598299
1927,11,2682.50837478367,-8,240,5.75958653158129
1927,12,3357.0026692588,7.7,248,6.28318530717959
1928,1,3145.11182961667,-10.1,248,0.523598775598299
1928,2,3822.99498790147,10.5,232,1.0471975511966
1928,3,2127.50804281598,13.8,248,1.5707963267949
1928,4,3055.62571358193,11.9,240,2.0943951023932
1928,5,3252.2321631778,-2.7,248,2.61799387799149
1928,6,5589.27586527895,-7.9,240,3.14159265358979
1928,7,5394.29371049639,-0.4,248,3.66519142918809
1928,8,1950.94214759582,9.8,248,4.18879020478639
1928,9,4062.86090530251,8.1,240,4.71238898038469
1928,10,4937.27779592902,9.1,248,5.23598775598299
1928,11,2893.45628493984,2.6,240,5.75958653158129
1928,12,4075.13631587002,11.8,248,6.28318530717959
1929,1,3478.44785804139,16,248,0.523598775598299
1929,2,3432.9219439836,18,224,1.0471975511966
1929,3,2687.45170951846,5.1,248,1.5707963267949
1929,4,3766.53705656521,4.5,240,2.0943951023932
1929,5,3499.08074047696,-12.2,248,2.61799387799149
1929,6,4897.54830951379,1,240,3.14159265358979
1929,7,5430.56355964999,1.6,248,3.66519142918809
1929,8,3567.68039940515,0.1,248,4.18879020478639
1929,9,1945.57346734477,-0.4,240,4.71238898038469
1929,10,2515.19042507814,7.9,248,5.23598775598299
1929,11,2681.00011336627,11.1,240,5.75958653158129
1929,12,2755.08658513522,5.7,248,6.28318530717959
1930,1,5365.56676337952,12.7,248,0.523598775598299
1930,2,4062.52449570265,7.7,224,1.0471975511966
1930,3,3400.20781473847,1.8,248,1.5707963267949
1930,4,882.646203047604,-3.8,240,2.0943951023932
1930,5,1398.11934529164,2.1,248,2.61799387799149
1930,6,2570.82658428139,-5.5,240,3.14159265358979
1930,7,5010.89270006723,-4.3,248,3.66519142918809
1930,8,4696.54678984407,-1.8,248,4.18879020478639
1930,9,3733.02872433454,-7,240,4.71238898038469
1930,10,2426.6909779343,3.6,248,5.23598775598299
1930,11,3232.44383058299,1.9,240,5.75958653158129
1930,12,2593.58338722607,-1.4,248,6.28318530717959
1931,1,2161.55563007347,7,248,0.523598775598299
1931,2,2902.47789211401,-14.9,224,1.0471975511966
1931,3,2715.52267230638,5.6,248,1.5707963267949
1931,4,1223.1725090664,8.6,240,2.0943951023932
1931,5,2752.88070965519,13.1,248,2.61799387799149
1931,6,3477.377334324,18.8,240,3.14159265358979
1931,7,7138.92616278398,9.4,248,3.66519142918809
1931,8,4789.62217496646,0.1,248,4.18879020478639
1931,9,3441.60246917309,5.1,240,4.71238898038469
1931,10,2477.94529920509,-12.9,248,5.23598775598299
1931,11,3060.00680527577,-4.7,240,5.75958653158129
1931,12,3671.84342524689,4.7,248,6.28318530717959
1932,1,4277.8884140513,1.8,248,0.523598775598299
1932,2,3427.43731760198,-3.6,232,1.0471975511966
1932,3,2270.64460758708,-2.5,248,1.5707963267949
1932,4,1890.18926124888,-2.1,240,2.0943951023932
1932,5,1422.56729639429,2.8,248,2.61799387799149
1932,6,5647.52473452301,-4.7,240,3.14159265358979
1932,7,4940.07538228788,-5,248,3.66519142918809
1932,8,4527.5318493279,-6.9,248,4.18879020478639
1932,9,2354.21304082756,-8.8,240,4.71238898038469
1932,10,3354.87648143363,-4.3,248,5.23598775598299
1932,11,2814.7325967823,-4.7,240,5.75958653158129
1932,12,3516.18235875063,3.2,248,6.28318530717959
1933,1,3176.69475718523,-11.1,248,0.523598775598299
1933,2,2047.80357328003,4.9,224,1.0471975511966
1933,3,3231.53200413353,-2,248,1.5707963267949
1933,4,878.133226048227,3.6,240,2.0943951023932
1933,5,4727.07877555102,6,248,2.61799387799149
1933,6,1737.68247932104,-3.9,240,3.14159265358979
1933,7,4193.78412182961,3.5,248,3.66519142918809
1933,8,3237.05970872112,-0.5,248,4.18879020478639
1933,9,2383.03125419494,2,240,4.71238898038469
1933,10,2270.47153667301,3.6,248,5.23598775598299
1933,11,2660.28348458796,7.2,240,5.75958653158129
1933,12,3350.33035219477,8.2,248,6.28318530717959
1934,1,4185.12915314601,6.5,248,0.523598775598299
1934,2,2896.83196806561,0.1,224,1.0471975511966
1934,3,3098.8448198607,0.2,248,1.5707963267949
1934,4,2753.16867577473,6.1,240,2.0943951023932
1934,5,2069.18490649085,-7.4,248,2.61799387799149
1934,6,2184.72321449265,10.7,240,3.14159265358979
1934,7,4937.29694542288,2.9,248,3.66519142918809
1934,8,3880.59161178959,-22.4,248,4.18879020478639
1934,9,1675.63405574592,-6.4,240,4.71238898038469
1934,10,2683.69454354572,4.2,248,5.23598775598299
1934,11,3328.22996820466,13.1,240,5.75958653158129
1934,12,1709.3880567448,-2.4,248,6.28318530717959
1935,1,4388.34779061826,6.5,248,0.523598775598299
1935,2,3371.71296828307,-4.6,224,1.0471975511966
1935,3,2841.91352138402,12.2,248,1.5707963267949
1935,4,3637.25469659395,2.8,240,2.0943951023932
1935,5,3722.59007915818,-6.6,248,2.61799387799149
1935,6,5535.83480908929,-2.3,240,3.14159265358979
1935,7,4863.77587091906,-0.4,248,3.66519142918809
1935,8,5259.43825336202,2.1,248,4.18879020478639
1935,9,3684.70939850468,6.3,240,4.71238898038469
1935,10,2928.97335525661,7.3,248,5.23598775598299
1935,11,4164.26494116356,3.9,240,5.75958653158129
1935,12,1658.84850425976,-4,248,6.28318530717959
1936,1,4088.22874021895,-2,248,0.523598775598299
1936,2,4105.0149106362,0.6,232,1.0471975511966
1936,3,2572.32629489029,1.8,248,1.5707963267949
1936,4,1941.0036461624,22.6,240,2.0943951023932
1936,5,-344.820735967509,4.4,248,2.61799387799149
1936,6,4547.39175382828,-1.5,240,3.14159265358979
1936,7,3655.80341419764,4.2,248,3.66519142918809
1936,8,5583.48303632789,-8.9,248,4.18879020478639
1936,9,1951.53488578947,2.6,240,4.71238898038469
1936,10,3032.75706211859,-0.1,248,5.23598775598299
1936,11,2935.60428226909,-13.9,240,5.75958653158129
1936,12,3390.05637676429,0.6,248,6.28318530717959
1937,1,3287.19203100697,9.4,248,0.523598775598299
1937,2,2612.48513827503,-5,224,1.0471975511966
1937,3,3044.96579629934,6.2,248,1.5707963267949
1937,4,2707.0063780491,2,240,2.0943951023932
1937,5,3874.12945449547,-0.3,248,2.61799387799149
1937,6,2641.34967747286,3.4,240,3.14159265358979
1937,7,3279.41125343304,-5.6,248,3.66519142918809
1937,8,3180.9686280811,3.3,248,4.18879020478639
1937,9,3231.06362405068,0.8,240,4.71238898038469
1937,10,3300.00438849449,-2.5,248,5.23598775598299
1937,11,4043.75777422752,-2,240,5.75958653158129
1937,12,4436.66085068231,6.7,248,6.28318530717959
1938,1,3599.47137816938,7.5,248,0.523598775598299
1938,2,2984.28411330261,3.4,224,1.0471975511966
1938,3,3203.42098624831,-3.6,248,1.5707963267949
1938,4,952.611063760729,3.6,240,2.0943951023932
1938,5,2732.98332745043,13.1,248,2.61799387799149
1938,6,4642.42586366223,18,240,3.14159265358979
1938,7,3876.36832980052,18.5,248,3.66519142918809
1938,8,3920.68222314781,13,248,4.18879020478639
1938,9,1416.86148239408,7.5,240,4.71238898038469
1938,10,1962.38379613898,12.8,248,5.23598775598299
1938,11,3278.34179471881,1.9,240,5.75958653158129
1938,12,3424.39395222802,13.8,248,6.28318530717959
1939,1,3337.13682719784,17,248,0.523598775598299
1939,2,4290.90326479236,7.7,224,1.0471975511966
1939,3,2495.83849170555,11.6,248,1.5707963267949
1939,4,1693.46967919908,9.4,240,2.0943951023932
1939,5,666.687191258638,-1.1,248,2.61799387799149
1939,6,4732.19305664244,-1.5,240,3.14159265358979
1939,7,4342.34746474041,8.1,248,3.66519142918809
1939,8,7979.91469683602,-0.5,248,4.18879020478639
1939,9,3479.64805342316,-9.4,240,4.71238898038469
1939,10,2395.86846960721,-14.7,248,5.23598775598299
1939,11,3223.13734440092,-8,240,5.75958653158129
1939,12,3950.71599437446,-8.6,248,6.28318530717959
1940,1,3818.9268101214,-0.1,248,0.523598775598299
1940,2,3172.52173979925,-4.1,232,1.0471975511966
1940,3,3100.29894505084,-10.6,248,1.5707963267949
1940,4,2580.63188518761,-9.6,240,2.0943951023932
1940,5,1663.79330645155,-14.5,248,2.61799387799149
1940,6,2450.45852780795,-19.3,240,3.14159265358979
1940,7,3348.4684425838,-15.4,248,3.66519142918809
1940,8,722.654908683153,-18.5,248,4.18879020478639
1940,9,693.016461970994,-19.6,240,4.71238898038469
1940,10,2027.11341404354,-18.4,248,5.23598775598299
1940,11,2903.77052321742,-6.7,240,5.75958653158129
1940,12,4036.2607027622,-29.4,248,6.28318530717959
1941,1,3338.65022497224,-9.7,248,0.523598775598299
1941,2,2236.42420996378,-15.4,224,1.0471975511966
1941,3,3191.07903546423,-10.6,248,1.5707963267949
1941,4,1003.45475233103,-11.2,240,2.0943951023932
1941,5,869.845245293942,-6.6,248,2.61799387799149
1941,6,3403.04084968437,-14.4,240,3.14159265358979
1941,7,4708.92637146344,-20.6,248,3.66519142918809
1941,8,4122.82707006977,-19.1,248,4.18879020478639
1941,9,2758.51254687276,-8.2,240,4.71238898038469
1941,10,1450.64746926321,-20.2,248,5.23598775598299
1941,11,2509.30595552704,-9.3,240,5.75958653158129
1941,12,4056.20943891009,-8.6,248,6.28318530717959
1942,1,3288.93916614251,-13,248,0.523598775598299
1942,2,4149.00677174796,-3.6,224,1.0471975511966
1942,3,2653.83332012701,-5.8,248,1.5707963267949
1942,4,1109.36822188452,-5.5,240,2.0943951023932
1942,5,3296.02504157133,5.2,248,2.61799387799149
1942,6,727.001433457531,8.3,240,3.14159265358979
1942,7,2644.87793526027,-1,248,3.66519142918809
1942,8,5796.76079023717,4,248,4.18879020478639
1942,9,3576.28726074848,8.7,240,4.71238898038469
1942,10,3556.32617943917,8.5,248,5.23598775598299
1942,11,4013.6545391338,-4,240,5.75958653158129
1942,12,4294.69397685107,13.8,248,6.28318530717959
1943,1,3505.05396229164,9.4,248,0.523598775598299
1943,2,2682.74965597604,10.5,224,1.0471975511966
1943,3,2580.48388262738,4,248,1.5707963267949
1943,4,4118.3257176968,13.5,240,2.0943951023932
1943,5,2278.2707026615,2.8,248,2.61799387799149
1943,6,5323.21693077455,-7.9,240,3.14159265358979
1943,7,4694.25029891184,2.9,248,3.66519142918809
1943,8,3433.05446526031,7.8,248,4.18879020478639
1943,9,4516.49826616318,5.7,240,4.71238898038469
1943,10,2996.96175675551,9.1,248,5.23598775598299
1943,11,2541.6593815278,3.9,240,5.75958653158129
1943,12,3992.98502793193,-8.6,248,6.28318530717959
1944,1,3802.78148112383,-8.2,248,0.523598775598299
1944,2,1926.69990838869,3.9,232,1.0471975511966
1944,3,3855.13566145521,5.6,248,1.5707963267949
1944,4,3546.9073860598,-5.5,240,2.0943951023932
1944,5,5529.25514969586,-1.1,248,2.61799387799149
1944,6,2144.85955923988,-3.9,240,3.14159265358979
1944,7,2571.45646917042,-8.9,248,3.66519142918809
1944,8,3159.31327841834,3.3,248,4.18879020478639
1944,9,1939.9828330703,2.6,240,4.71238898038469
1944,10,2577.43101713237,-8.6,248,5.23598775598299
1944,11,3182.7883178881,-6.7,240,5.75958653158129
1944,12,3433.02869964063,4.2,248,6.28318530717959
1945,1,3851.23413945289,5.1,248,0.523598775598299
1945,2,2643.85736362617,6.3,224,1.0471975511966
1945,3,2384.82677556789,13.2,248,1.5707963267949
1945,4,1766.03686130167,-7.1,240,2.0943951023932
1945,5,2282.31153069022,-0.3,248,2.61799387799149
1945,6,3954.36138558872,8.3,240,3.14159265358979
1945,7,3791.50847121855,3.5,248,3.66519142918809
1945,8,5783.62098898893,11.7,248,4.18879020478639
1945,9,3671.83501394456,8.7,240,4.71238898038469
1945,10,4226.56631490062,2.4,248,5.23598775598299
1945,11,2120.71880652731,-3.4,240,5.75958653158129
1945,12,3875.35798111165,6.7,248,6.28318530717959
1946,1,4697.104838406,-2.5,248,0.523598775598299
1946,2,3461.22672546118,4.4,224,1.0471975511966
1946,3,3243.08866397232,-2,248,1.5707963267949
1946,4,5151.00219627824,-9.6,240,2.0943951023932
1946,5,4930.77732646587,-11.4,248,2.61799387799149
1946,6,8662.81644019747,-9.6,240,3.14159265358979
1946,7,5856.83164752249,-10.2,248,3.66519142918809
1946,8,4021.72949354264,-4.4,248,4.18879020478639
1946,9,2656.40241329132,-16,240,4.71238898038469
1946,10,1513.89554185288,-12.3,248,5.23598775598299
1946,11,3187.09317888839,-1.4,240,5.75958653158129
1946,12,4600.85482374059,-5.5,248,6.28318530717959
1947,1,4833.79304035859,-4.9,248,0.523598775598299
1947,2,3836.89742538614,-4.1,224,1.0471975511966
1947,3,3439.49680756947,11.6,248,1.5707963267949
1947,4,1048.35634341094,-4.6,240,2.0943951023932
1947,5,721.715308496149,-13.7,248,2.61799387799149
1947,6,5310.04264770965,2.6,240,3.14159265358979
1947,7,5781.94908557247,9.4,248,3.66519142918809
1947,8,4952.23691637645,7.2,248,4.18879020478639
1947,9,2776.4735841918,11.7,240,4.71238898038469
1947,10,3079.22256752818,-1.9,248,5.23598775598299
1947,11,2697.53389253909,9.2,240,5.75958653158129
1947,12,4048.98420168139,5.2,248,6.28318530717959
1948,1,2946.44462643019,-3,248,0.523598775598299
1948,2,3742.8110702538,-2.7,232,1.0471975511966
1948,3,2893.03678951634,-4.1,248,1.5707963267949
1948,4,5234.00805760888,2.8,240,2.0943951023932
1948,5,6069.3455492871,3.6,248,2.61799387799149
1948,6,4651.99480126639,-4.7,240,3.14159265358979
1948,7,3200.85678556157,0.9,248,3.66519142918809
1948,8,3973.90493198667,-4.4,248,4.18879020478639
1948,9,2432.38806197009,-7.6,240,4.71238898038469
1948,10,3749.9738661452,6.1,248,5.23598775598299
1948,11,4386.23464481302,4.6,240,5.75958653158129
1948,12,4401.98286303373,-5.5,248,6.28318530717959
1949,1,4027.46552467335,-7.3,248,0.523598775598299
1949,2,2846.37825982739,2,224,1.0471975511966
1949,3,3260.34849457855,5.6,248,1.5707963267949
1949,4,1940.94364551446,1.2,240,2.0943951023932
1949,5,2737.14788305348,-5.8,248,2.61799387799149
1949,6,5159.50003297137,-12,240,3.14159265358979
1949,7,4148.49651363461,-1.7,248,3.66519142918809
1949,8,1463.44587359215,-4.4,248,4.18879020478639
1949,9,2921.94383658492,2,240,4.71238898038469
1949,10,1726.76369458822,5.4,248,5.23598775598299
1949,11,4533.80501601686,-6,240,5.75958653158129
1949,12,3408.61494699762,7.7,248,6.28318530717959
1950,1,4394.48929229915,5.1,248,0.523598775598299
1950,2,4725.49108934778,17.6,224,1.0471975511966
1950,3,3192.44048449122,17.6,248,1.5707963267949
1950,4,81.7719640806093,16.8,240,2.0943951023932
1950,5,2812.10640235179,7.6,248,2.61799387799149
1950,6,2740.44178006537,26.9,240,3.14159265358979
1950,7,2281.52293129429,21.1,248,3.66519142918809
1950,8,2488.48311030991,12.3,248,4.18879020478639
1950,9,1693.40473015053,6.9,240,4.71238898038469
1950,10,3170.78425025693,17.1,248,5.23598775598299
1950,11,2095.08749398228,12.5,240,5.75958653158129
1950,12,4072.5754745586,23,248,6.28318530717959
1951,1,3935.27138975286,16.5,248,0.523598775598299
1951,2,3254.82335176229,9.6,224,1.0471975511966
1951,3,2807.2178527411,-1.4,248,1.5707963267949
1951,4,3873.96343174187,-1.3,240,2.0943951023932
1951,5,4005.794069434,-6.6,248,2.61799387799149
1951,6,2559.52343990214,5,240,3.14159265358979
1951,7,4934.46140946636,-8.2,248,3.66519142918809
1951,8,6576.55992630128,-0.5,248,4.18879020478639
1951,9,2646.29363788848,-7,240,4.71238898038469
1951,10,3673.60813581403,-8,248,5.23598775598299
1951,11,3031.86825764004,-3.4,240,5.75958653158129
1951,12,4141.71602538563,-3,248,6.28318530717959
1952,1,3589.80486186509,-9.2,248,0.523598775598299
1952,2,3823.3942950576,-7.9,232,1.0471975511966
1952,3,3087.89600278715,0.2,248,1.5707963267949
1952,4,3870.22555872317,-8.8,240,2.0943951023932
1952,5,4589.61234373729,6,248,2.61799387799149
1952,6,7702.13503991431,7.4,240,3.14159265358979
1952,7,3216.70623683286,3.5,248,3.66519142918809
1952,8,3708.12611578235,-3.7,248,4.18879020478639
1952,9,2971.76910599901,-3.4,240,4.71238898038469
1952,10,2628.37931371652,1.8,248,5.23598775598299
1952,11,3854.48255895075,-0.7,240,5.75958653158129
1952,12,4591.96221044855,-12.6,248,6.28318530717959
1953,1,4062.3092563608,2.2,248,0.523598775598299
1953,2,2297.23167136347,-6,224,1.0471975511966
1953,3,3624.58897818487,-5.8,248,1.5707963267949
1953,4,1960.90952297951,-0.5,240,2.0943951023932
1953,5,4824.53734854371,-31.9,248,2.61799387799149
1953,6,4509.09775606068,-2.3,240,3.14159265358979
1953,7,3895.6018404185,-1,248,3.66519142918809
1953,8,4621.32092623358,-17.2,248,4.18879020478639
1953,9,2954.91656986355,-13,240,4.71238898038469
1953,10,2976.76670773138,-0.1,248,5.23598775598299
1953,11,3105.75817680214,-2,240,5.75958653158129
1953,12,3386.24405401943,-4,248,6.28318530717959
1954,1,4804.45453650969,6,248,0.523598775598299
1954,2,3123.92719929328,-3.6,224,1.0471975511966
1954,3,2768.39463063812,-0.9,248,1.5707963267949
1954,4,2082.45234768598,6.9,240,2.0943951023932
1954,5,4016.21509995025,4.4,248,2.61799387799149
1954,6,4014.26815956615,-1.5,240,3.14159265358979
1954,7,4568.26226208929,4.2,248,3.66519142918809
1954,8,2752.53912100169,10.4,248,4.18879020478639
1954,9,1029.47154394129,4.5,240,4.71238898038469
1954,10,2767.85257249281,1.8,248,5.23598775598299
1954,11,1766.07069558969,3.9,240,5.75958653158129
1954,12,3589.93452583806,12.8,248,6.28318530717959
1955,1,3439.33488464791,-5.4,248,0.523598775598299
1955,2,3123.79874125904,15.2,224,1.0471975511966
1955,3,3697.19363379277,2.9,248,1.5707963267949
1955,4,1706.30599680485,-3,240,2.0943951023932
1955,5,6290.44274573553,13.1,248,2.61799387799149
1955,6,3450.43577483889,16.4,240,3.14159265358979
1955,7,4449.96092313151,19.2,248,3.66519142918809
1955,8,5241.35207046948,14.9,248,4.18879020478639
1955,9,2337.34945721914,14.1,240,4.71238898038469
1955,10,3285.96660249319,15.2,248,5.23598775598299
1955,11,1963.04101023647,15.1,240,5.75958653158129
1955,12,3986.29485202253,9.3,248,6.28318530717959
1956,1,3122.69974925529,11.3,248,0.523598775598299
1956,2,3479.38037557289,12.4,232,1.0471975511966
1956,3,3916.29757126338,9.4,248,1.5707963267949
1956,4,4063.79791232589,11.1,240,2.0943951023932
1956,5,6016.41324993474,17.9,248,2.61799387799149
1956,6,7432.88940612486,12.3,240,3.14159265358979
1956,7,4557.06151977719,12.6,248,3.66519142918809
1956,8,4667.13149716191,11,248,4.18879020478639
1956,9,2176.90391693175,0.2,240,4.71238898038469
1956,10,3036.83089907582,18.3,248,5.23598775598299
1956,11,1791.17097981079,1.9,240,5.75958653158129
1956,12,3190.59313440267,10.3,248,6.28318530717959
1957,1,4774.04530543618,5.6,248,0.523598775598299
1957,2,4169.92302947029,-2.2,224,1.0471975511966
1957,3,3018.14796243048,-0.9,248,1.5707963267949
1957,4,2115.41548682449,1.2,240,2.0943951023932
1957,5,3553.08901193666,-12.2,248,2.61799387799149
1957,6,1760.55950900706,-2.3,240,3.14159265358979
1957,7,4930.84423543243,0.9,248,3.66519142918809
1957,8,3028.28144601229,-9.5,248,4.18879020478639
1957,9,3099.45074760489,-10.6,240,4.71238898038469
1957,10,4723.30508580324,-1.3,248,5.23598775598299
1957,11,2177.90321509119,-11.9,240,5.75958653158129
1957,12,2961.71578540159,-3.5,248,6.28318530717959
1958,1,4595.3391580612,-16.8,248,0.523598775598299
1958,2,2280.99935850697,-6.9,224,1.0471975511966
1958,3,2863.16425602239,-1.4,248,1.5707963267949
1958,4,1929.878318581,1.2,240,2.0943951023932
1958,5,4320.63280862565,-8.2,248,2.61799387799149
1958,6,2552.4291417716,0.2,240,3.14159265358979
1958,7,5575.47989831918,2.2,248,3.66519142918809
1958,8,5426.39166131802,7.8,248,4.18879020478639
1958,9,3443.28126725833,-3.4,240,4.71238898038469
1958,10,5674.02070733229,-1.9,248,5.23598775598299
1958,11,4624.79439276192,-4.7,240,5.75958653158129
1958,12,4686.66439935661,-6.5,248,6.28318530717959
1959,1,4478.22808061206,-8.7,248,0.523598775598299
1959,2,3763.11706514449,-14,224,1.0471975511966
1959,3,2846.02259301817,8.4,248,1.5707963267949
1959,4,1713.36029220637,3.6,240,2.0943951023932
1959,5,706.846605341758,2.8,248,2.61799387799149
1959,6,2613.53511604706,-6.3,240,3.14159265358979
1959,7,3825.68106166279,-5,248,3.66519142918809
1959,8,3732.01174263836,-5,248,4.18879020478639
1959,9,3585.42972566103,0.2,240,4.71238898038469
1959,10,2908.8745004342,4.2,248,5.23598775598299
1959,11,3686.36275863363,11.1,240,5.75958653158129
1959,12,2645.98889205488,8.2,248,6.28318530717959
1960,1,3761.18677654905,0.3,248,0.523598775598299
1960,2,2661.78224790847,-2.2,232,1.0471975511966
1960,3,2406.2189049986,5.6,248,1.5707963267949
1960,4,2508.94880131846,7.8,240,2.0943951023932
1960,5,6674.33999649462,5.2,248,2.61799387799149
1960,6,2160.03144679214,-2.3,240,3.14159265358979
1960,7,4710.90092515974,4.8,248,3.66519142918809
1960,8,4630.16699632225,6.6,248,4.18879020478639
1960,9,3807.73050536786,6.9,240,4.71238898038469
1960,10,3552.97088225133,-0.7,248,5.23598775598299
1960,11,4467.06851962384,7.2,240,5.75958653158129
1960,12,3814.69873960889,6.7,248,6.28318530717959
1961,1,3239.00599138481,-2.5,248,0.523598775598299
1961,2,3569.01768924658,6.3,224,1.0471975511966
1961,3,3531.37394920912,-20.9,248,1.5707963267949
1961,4,3067.62547957283,9.4,240,2.0943951023932
1961,5,3523.02608804133,1.3,248,2.61799387799149
1961,6,4238.60008037406,-3.1,240,3.14159265358979
1961,7,6460.89242112159,2.2,248,3.66519142918809
1961,8,3613.38693420882,0.1,248,4.18879020478639
1961,9,2905.32290210955,0.8,240,4.71238898038469
1961,10,3260.97132335426,-5,248,5.23598775598299
1961,11,4091.5793837541,7.2,240,5.75958653158129
1961,12,2903.19628424767,13.8,248,6.28318530717959
1962,1,3655.8532466367,17,248,0.523598775598299
1962,2,2362.27084151861,5.3,224,1.0471975511966
1962,3,3925.44332911379,-1.4,248,1.5707963267949
1962,4,-44.4209463948742,1.2,240,2.0943951023932
1962,5,4696.90714291605,12.3,248,2.61799387799149
1962,6,3208.65412050563,5,240,3.14159265358979
1962,7,2814.24560500142,-0.4,248,3.66519142918809
1962,8,5287.71070550133,4.6,248,4.18879020478639
1962,9,3821.97144420632,5.1,240,4.71238898038469
1962,10,3183.62786574777,10.3,248,5.23598775598299
1962,11,3684.4339398676,5.2,240,5.75958653158129
1962,12,5827.52688186957,0.6,248,6.28318530717959
1963,1,4656.32722865882,9.4,248,0.523598775598299
1963,2,3291.71115270056,3,224,1.0471975511966
1963,3,2797.24899477922,7.3,248,1.5707963267949
1963,4,1826.67143456386,6.1,240,2.0943951023932
1963,5,4001.76923523315,2.8,248,2.61799387799149
1963,6,2266.91735708837,-9.6,240,3.14159265358979
1963,7,8254.0554173835,-1,248,3.66519142918809
1963,8,3079.75642314946,-2.4,248,4.18879020478639
1963,9,4140.32213153849,-5.2,240,4.71238898038469
1963,10,1569.7584248577,-12.9,248,5.23598775598299
1963,11,3090.29444492007,-9.3,240,5.75958653158129
1963,12,2946.81707518246,-11.6,248,6.28318530717959
1964,1,3170.47741441934,-4,248,0.523598775598299
1964,2,4232.50215411549,-0.3,232,1.0471975511966
1964,3,2293.74031151683,8.4,248,1.5707963267949
1964,4,2974.01950671607,13.5,240,2.0943951023932
1964,5,2157.34953573848,2.8,248,2.61799387799149
1964,6,3484.25716488542,7.4,240,3.14159265358979
1964,7,6277.01020307017,6.8,248,3.66519142918809
1964,8,5782.57461035481,14.3,248,4.18879020478639
1964,9,3688.04595227018,14.1,240,4.71238898038469
1964,10,4452.76035458816,12.8,248,5.23598775598299
1964,11,4203.70040494218,2.6,240,5.75958653158129
1964,12,3569.85673878675,-3,248,6.28318530717959
1965,1,5025.00684942659,-4,248,0.523598775598299
1965,2,3566.00778019579,1.6,224,1.0471975511966
1965,3,2143.92059955717,2.9,248,1.5707963267949
1965,4,2322.30644543731,-12.9,240,2.0943951023932
1965,5,3835.43640574291,-0.3,248,2.61799387799149
1965,6,1602.96863276166,-12.8,240,3.14159265358979
1965,7,4992.13336263383,-22.6,248,3.66519142918809
1965,8,3459.75717632145,-11.4,248,4.18879020478639
1965,9,2534.11427949631,-14.2,240,4.71238898038469
1965,10,3131.8593862693,-11.1,248,5.23598775598299
1965,11,4997.79729470703,-17.9,240,5.75958653158129
1965,12,3109.92601842047,1.6,248,6.28318530717959
1966,1,4471.78275102605,-12,248,0.523598775598299
1966,2,2088.06801200749,-4.1,224,1.0471975511966
1966,3,2174.73468449174,-13.9,248,1.5707963267949
1966,4,3696.77629632101,-7.1,240,2.0943951023932
1966,5,3204.49031553271,-9,248,2.61799387799149
1966,6,3715.91163565404,1,240,3.14159265358979
1966,7,4483.88745871519,-1,248,3.66519142918809
1966,8,3914.98175701533,4,248,4.18879020478639
1966,9,4701.09529186214,-2.2,240,4.71238898038469
1966,10,3489.91196005948,-2.5,248,5.23598775598299
1966,11,3636.19317800786,-0.1,240,5.75958653158129
1966,12,3801.0939338305,-4,248,6.28318530717959
1967,1,3597.99213486204,14.6,248,0.523598775598299
1967,2,4601.25509428358,12.9,224,1.0471975511966
1967,3,2824.26065249437,7.8,248,1.5707963267949
1967,4,1862.75664874413,-3,240,2.0943951023932
1967,5,2587.85764426413,-3.5,248,2.61799387799149
1967,6,3171.43971518817,6.6,240,3.14159265358979
1967,7,4578.5958193194,1.6,248,3.66519142918809
1967,8,6104.7760301692,5.9,248,4.18879020478639
1967,9,3960.25595394689,5.1,240,4.71238898038469
1967,10,1909.17319546621,-0.1,248,5.23598775598299
1967,11,2530.74002537621,-4,240,5.75958653158129
1967,12,2960.90085332453,-5.5,248,6.28318530717959
1968,1,3598.55196132407,4.1,248,0.523598775598299
1968,2,3964.35564867925,9.6,232,1.0471975511966
1968,3,2638.72693843361,-3,248,1.5707963267949
1968,4,2307.74732011346,-3,240,2.0943951023932
1968,5,7397.3654618807,14.7,248,2.61799387799149
1968,6,4274.33992279525,12.3,240,3.14159265358979
1968,7,4440.73561175015,7.4,248,3.66519142918809
1968,8,3866.99693694175,0.1,248,4.18879020478639
1968,9,2041.23486119406,-2.8,240,4.71238898038469
1968,10,3965.46720924556,-1.9,248,5.23598775598299
1968,11,3877.51771017307,-3.4,240,5.75958653158129
1968,12,4035.51617804212,2.1,248,6.28318530717959
1969,1,3926.90064336889,-13.5,248,0.523598775598299
1969,2,4524.32305330771,-6.9,224,1.0471975511966
1969,3,3330.03025721982,1.8,248,1.5707963267949
1969,4,3422.37808553147,-8.8,240,2.0943951023932
1969,5,3225.59104357171,-6.6,248,2.61799387799149
1969,6,4027.17930081751,-0.6,240,3.14159265358979
1969,7,2595.40319348378,-6.9,248,3.66519142918809
1969,8,2147.46050364134,-4.4,248,4.18879020478639
1969,9,5321.38969062621,-10.6,240,4.71238898038469
1969,10,2653.68270812122,-11.7,248,5.23598775598299
1969,11,3510.279997818,-0.1,240,5.75958653158129
1969,12,3537.29471372386,3.7,248,6.28318530717959
1970,1,3402.84108762925,-10.1,248,0.523598775598299
1970,2,3224.3026921097,-10.7,224,1.0471975511966
1970,3,1324.83319809984,1.8,248,1.5707963267949
1970,4,2997.93419342564,-4.6,240,2.0943951023932
1970,5,5518.52700743203,2.1,248,2.61799387799149
1970,6,3857.04897259006,9.9,240,3.14159265358979
1970,7,4645.21971282839,-5.6,248,3.66519142918809
1970,8,5777.70246747724,4,248,4.18879020478639
1970,9,3367.8267959201,12.9,240,4.71238898038469
1970,10,1372.14801594246,10.3,248,5.23598775598299
1970,11,3096.40349503487,19.7,240,5.75958653158129
1970,12,3400.56260144589,17.4,248,6.28318530717959
1971,1,3221.25249404797,2.7,248,0.523598775598299
1971,2,2776.20268190401,15.7,224,1.0471975511966
1971,3,3633.07094445322,19.2,248,1.5707963267949
1971,4,2616.26330796887,22.6,240,2.0943951023932
1971,5,4985.72620253028,9.2,248,2.61799387799149
1971,6,3602.10265567631,2.6,240,3.14159265358979
1971,7,4849.56291467001,1.6,248,3.66519142918809
1971,8,4466.22211364489,14.9,248,4.18879020478639
1971,9,2030.56970120398,15.9,240,4.71238898038469
1971,10,4258.733550244,17.7,248,5.23598775598299
1971,11,2477.88558838067,7.2,240,5.75958653158129
1971,12,3386.26489811627,2.1,248,6.28318530717959
1972,1,4810.61631141207,3.7,248,0.523598775598299
1972,2,4052.62221363761,8.2,232,1.0471975511966
1972,3,2591.91431478484,2.4,248,1.5707963267949
1972,4,2234.14156310986,-5.5,240,2.0943951023932
1972,5,1225.15621279917,-16.1,248,2.61799387799149
1972,6,1413.84392401203,-12,240,3.14159265358979
1972,7,4932.560191335,-18.6,248,3.66519142918809
1972,8,4319.79570256383,-8.9,248,4.18879020478639
1972,9,1454.23946986192,-14.8,240,4.71238898038469
1972,10,4564.19528047698,-11.1,248,5.23598775598299
1972,11,1923.90227595937,-3.4,240,5.75958653158129
1972,12,3428.29624924467,-12.1,248,6.28318530717959
1973,1,5465.74209036305,-3,248,0.523598775598299
1973,2,2618.27582391972,-13.5,224,1.0471975511966
1973,3,3214.20926184217,0.8,248,1.5707963267949
1973,4,2594.96728033699,-2.1,240,2.0943951023932
1973,5,2808.21601042964,2.8,248,2.61799387799149
1973,6,4614.84939551183,12.3,240,3.14159265358979
1973,7,2274.38272769138,6.1,248,3.66519142918809
1973,8,4421.24605107635,12.3,248,4.18879020478639
1973,9,2992.0227663274,13.5,240,4.71238898038469
1973,10,2265.17238175788,9.7,248,5.23598775598299
1973,11,3342.75464632102,31.6,240,5.75958653158129
1973,12,4389.37431679334,16.9,248,6.28318530717959
1974,1,7178.00066087833,20.8,248,0.523598775598299
1974,2,2756.86143557434,16.2,224,1.0471975511966
1974,3,1993.58424762174,20.3,248,1.5707963267949
1974,4,3702.77886889012,11.1,240,2.0943951023932
1974,5,3461.23973262825,10.7,248,2.61799387799149
1974,6,5089.23191067981,2.6,240,3.14159265358979
1974,7,7658.60543316589,12,248,3.66519142918809
1974,8,6922.31966095961,6.6,248,4.18879020478639
1974,9,4146.38041713329,12.3,240,4.71238898038469
1974,10,3771.29965824018,8.5,248,5.23598775598299
1974,11,3231.13137869256,-1.4,240,5.75958653158129
1974,12,2412.11458175214,-0.9,248,6.28318530717959
1975,1,3599.68995753214,-4.9,248,0.523598775598299
1975,2,2720.36952790826,5.3,224,1.0471975511966
1975,3,1858.32239540701,11.6,248,1.5707963267949
1975,4,2230.87820510298,14.4,240,2.0943951023932
1975,5,3977.08319837058,6,248,2.61799387799149
1975,6,4483.7026107273,15.5,240,3.14159265358979
1975,7,2899.97552742682,21.1,248,3.66519142918809
1975,8,4596.99948117746,20.7,248,4.18879020478639
1975,9,3017.60973359836,22.5,240,4.71238898038469
1975,10,3754.30321552555,17.7,248,5.23598775598299
1975,11,4195.73770671751,13.8,240,5.75958653158129
1975,12,4286.23236624782,19.5,248,6.28318530717959
1976,1,4426.08522457066,11.8,248,0.523598775598299
1976,2,2949.00923193047,12.9,232,1.0471975511966
1976,3,1874.5856309335,13.2,248,1.5707963267949
1976,4,1419.35054040164,1.2,240,2.0943951023932
1976,5,2070.69533471105,2.1,248,2.61799387799149
1976,6,3849.13101586726,0.2,240,3.14159265358979
1976,7,1815.41701970496,-12.8,248,3.66519142918809
1976,8,5901.5181889815,-12.1,248,4.18879020478639
1976,9,4309.58196700837,-13,240,4.71238898038469
1976,10,4248.42499738933,3,248,5.23598775598299
1976,11,4115.52279687235,9.8,240,5.75958653158129
1976,12,3041.15158383764,-3,248,6.28318530717959
1977,1,3247.25534672973,-4,248,0.523598775598299
1977,2,4783.45048420959,7.7,224,1.0471975511966
1977,3,2105.56488152518,-9.5,248,1.5707963267949
1977,4,1743.16805204489,-9.6,240,2.0943951023932
1977,5,3248.86176443124,-11.4,248,2.61799387799149
1977,6,5849.17877956503,-17.7,240,3.14159265358979
1977,7,4120.22798027415,-14.7,248,3.66519142918809
1977,8,2546.58700725009,-12.1,248,4.18879020478639
1977,9,3024.35044703598,-9.4,240,4.71238898038469
1977,10,2476.04246421911,-12.9,248,5.23598775598299
1977,11,4837.22960165961,-14.6,240,5.75958653158129
1977,12,4552.22455614913,-10.6,248,6.28318530717959
1978,1,3839.34809546674,-3,248,0.523598775598299
1978,2,2475.01431031141,-24.4,224,1.0471975511966
1978,3,3375.01350908047,-5.8,248,1.5707963267949
1978,4,1415.18324851072,-7.9,240,2.0943951023932
1978,5,4666.50908850589,16.3,248,2.61799387799149
1978,6,5428.51296806392,5.8,240,3.14159265358979
1978,7,5391.21359567484,6.1,248,3.66519142918809
1978,8,4365.13185906737,1.4,248,4.18879020478639
1978,9,3641.6055817052,0.8,240,4.71238898038469
1978,10,1798.09938939943,-6.2,248,5.23598775598299
1978,11,2609.68124330092,-2,240,5.75958653158129
1978,12,3764.17701260569,-0.9,248,6.28318530717959
1979,1,4229.29934658697,-4,248,0.523598775598299
1979,2,3906.90776104233,6.7,224,1.0471975511966
1979,3,1972.8507145528,-3,248,1.5707963267949
1979,4,1773.27329963942,-5.5,240,2.0943951023932
1979,5,2737.53702754772,3.6,248,2.61799387799149
1979,6,1962.38920531137,5.8,240,3.14159265358979
1979,7,3661.33634178018,-8.2,248,3.66519142918809
1979,8,5030.00700307169,-5,248,4.18879020478639
1979,9,2809.61801641087,1.4,240,4.71238898038469
1979,10,4008.77424065979,-2.5,248,5.23598775598299
1979,11,3447.61425275121,-4.7,240,5.75958653158129
1979,12,4584.95431073458,-7.5,248,6.28318530717959
1980,1,3468.73908930217,3.2,248,0.523598775598299
1980,2,3539.99979021983,1.1,232,1.0471975511966
1980,3,2774.09442679456,-8.5,248,1.5707963267949
1980,4,1769.47098013855,-12.9,240,2.0943951023932
1980,5,3998.56002536027,-3.5,248,2.61799387799149
1980,6,3907.17068479845,-4.7,240,3.14159265358979
1980,7,5231.44409329518,-1.7,248,3.66519142918809
1980,8,2512.33117014808,1.4,248,4.18879020478639
1980,9,3756.62770120256,-5.2,240,4.71238898038469
1980,10,3712.00590721233,-1.9,248,5.23598775598299
1980,11,3635.24458317829,-3.4,240,5.75958653158129
1980,12,3879.77512840056,-0.9,248,6.28318530717959
1981,1,5262.87849264166,2.7,248,0.523598775598299
1981,2,1993.370895954,-3.2,224,1.0471975511966
1981,3,3570.89583372451,-16.6,248,1.5707963267949
1981,4,2741.40739133062,-5.5,240,2.0943951023932
1981,5,3727.32534129024,7.6,248,2.61799387799149
1981,6,4690.84264909868,11.5,240,3.14159265358979
1981,7,5952.78915736015,9.4,248,3.66519142918809
1981,8,6479.3830587897,5.9,248,4.18879020478639
1981,9,2741.8876857227,7.5,240,4.71238898038469
1981,10,2757.10470492426,-5,248,5.23598775598299
1981,11,2819.69548348504,2.6,240,5.75958653158129
1981,12,3912.42097300681,4.7,248,6.28318530717959
1982,1,4489.55593715386,9.4,248,0.523598775598299
1982,2,4164.2546124223,0.6,224,1.0471975511966
1982,3,2291.34262418507,2.4,248,1.5707963267949
1982,4,2219.55667738134,-3.8,240,2.0943951023932
1982,5,3130.09989478478,-8.2,248,2.61799387799149
1982,6,4499.82638217375,-20.1,240,3.14159265358979
1982,7,3646.3364190208,-19.3,248,3.66519142918809
1982,8,1741.18159564557,-23.6,248,4.18879020478639
1982,9,3953.50417537174,-21.4,240,4.71238898038469
1982,10,2692.12480095039,-20.2,248,5.23598775598299
1982,11,3454.16966903722,-31.1,240,5.75958653158129
1982,12,4766.42235496186,-21.3,248,6.28318530717959
1983,1,3795.97324997308,-30.6,248,0.523598775598299
1983,2,3467.44994432428,-33.3,224,1.0471975511966
1983,3,3399.93408912086,-28,248,1.5707963267949
1983,4,2621.66186976599,-17,240,2.0943951023932
1983,5,4263.83554435384,6,248,2.61799387799149
1983,6,4183.50982968115,-3.1,240,3.14159265358979
1983,7,3128.98052881016,-7.6,248,3.66519142918809
1983,8,4021.72844884599,0.1,248,4.18879020478639
1983,9,2881.35297454886,9.9,240,4.71238898038469
1983,10,3060.11066893113,4.2,248,5.23598775598299
1983,11,5712.46678854449,-0.7,240,5.75958653158129
1983,12,3994.99895521083,0.1,248,6.28318530717959
1984,1,3444.97418584892,1.3,248,0.523598775598299
1984,2,2303.43085894571,5.8,232,1.0471975511966
1984,3,3391.36275136059,-5.8,248,1.5707963267949
1984,4,2444.2836113621,2,240,2.0943951023932
1984,5,3011.53005666547,-0.3,248,2.61799387799149
1984,6,2435.9919442852,-8.7,240,3.14159265358979
1984,7,6601.96798003964,2.2,248,3.66519142918809
1984,8,6049.12079600133,2.7,248,4.18879020478639
1984,9,4753.10033210509,2,240,4.71238898038469
1984,10,2745.52267668851,-5,248,5.23598775598299
1984,11,2327.42427071442,3.9,240,5.75958653158129
1984,12,2222.55831544012,-1.4,248,6.28318530717959
1985,1,4176.75089781903,-3.5,248,0.523598775598299
1985,2,3590.75250029004,6.7,224,1.0471975511966
1985,3,4409.24868245345,-2,248,1.5707963267949
1985,4,2040.57052071991,14.4,240,2.0943951023932
1985,5,2244.53303378814,2.8,248,2.61799387799149
1985,6,5028.32271137445,-9.6,240,3.14159265358979
1985,7,4305.76341656946,-2.3,248,3.66519142918809
1985,8,3912.49583228052,8.5,248,4.18879020478639
1985,9,3633.52460715967,0.2,240,4.71238898038469
1985,10,2353.7030750544,-5.6,248,5.23598775598299
1985,11,2259.09834343231,-1.4,240,5.75958653158129
1985,12,3391.61157427407,2.1,248,6.28318530717959
1986,1,3448.37312099995,8,248,0.523598775598299
1986,2,3551.84218784693,-10.7,224,1.0471975511966
1986,3,3690.94830446578,0.8,248,1.5707963267949
1986,4,2658.63090093969,1.2,240,2.0943951023932
1986,5,1392.41458891753,-6.6,248,2.61799387799149
1986,6,4116.09645180797,10.7,240,3.14159265358979
1986,7,4610.58744616152,2.2,248,3.66519142918809
1986,8,2991.95506577682,-7.6,248,4.18879020478639
1986,9,3624.78863783902,-5.2,240,4.71238898038469
1986,10,4265.49956073392,6.1,248,5.23598775598299
1986,11,4097.70528932458,-13.9,240,5.75958653158129
1986,12,4444.75917283866,-13.6,248,6.28318530717959
1987,1,2456.36818068673,-6.3,248,0.523598775598299
1987,2,4003.99671971325,-12.6,224,1.0471975511966
1987,3,2470.63127247978,-16.6,248,1.5707963267949
1987,4,1793.7906263803,-24.4,240,2.0943951023932
1987,5,3256.84050943873,-21.6,248,2.61799387799149
1987,6,3687.28221491431,-20.1,240,3.14159265358979
1987,7,3658.95447130159,-18.6,248,3.66519142918809
1987,8,3900.87001903172,-14,248,4.18879020478639
1987,9,3666.39970945205,-11.2,240,4.71238898038469
1987,10,3778.01563248832,-5.6,248,5.23598775598299
1987,11,3884.94514806005,-1.4,240,5.75958653158129
1987,12,3560.98558569691,-4.5,248,6.28318530717959
1988,1,4055.67886000829,-1.1,248,0.523598775598299
1988,2,2337.98257577178,-5,232,1.0471975511966
1988,3,3396.46144728173,2.4,248,1.5707963267949
1988,4,2456.80824927116,-1.3,240,2.0943951023932
1988,5,2905.73880615767,10,248,2.61799387799149
1988,6,4629.6784114441,-3.9,240,3.14159265358979
1988,7,4303.43195431661,11.3,248,3.66519142918809
1988,8,3599.82213536301,14.9,248,4.18879020478639
1988,9,2311.55032517112,20.1,240,4.71238898038469
1988,10,3487.80941632248,14.6,248,5.23598775598299
1988,11,4015.56453030017,21,240,5.75958653158129
1988,12,4447.89443139941,10.8,248,6.28318530717959
1989,1,3075.1532484196,13.2,248,0.523598775598299
1989,2,3972.0246026186,9.1,224,1.0471975511966
1989,3,3285.21722977891,6.7,248,1.5707963267949
1989,4,3911.15294839158,21,240,2.0943951023932
1989,5,3299.30425301465,14.7,248,2.61799387799149
1989,6,3804.44825694678,7.4,240,3.14159265358979
1989,7,5726.23841136262,9.4,248,3.66519142918809
1989,8,5118.41921824655,-6.3,248,4.18879020478639
1989,9,3427.54945465706,5.7,240,4.71238898038469
1989,10,4097.93007317868,7.3,248,5.23598775598299
1989,11,3404.14551287054,-2,240,5.75958653158129
1989,12,3338.08255474037,-5,248,6.28318530717959
1990,1,4434.92074405258,-1.1,248,0.523598775598299
1990,2,4036.34006061618,-17.3,224,1.0471975511966
1990,3,2795.05825669727,-8.5,248,1.5707963267949
1990,4,4097.30560700522,-0.5,240,2.0943951023932
1990,5,2952.59785195037,13.1,248,2.61799387799149
1990,6,2498.17254169196,1,240,3.14159265358979
1990,7,3957.02985016955,5.5,248,3.66519142918809
1990,8,7151.35879200422,-5,248,4.18879020478639
1990,9,2693.08199390337,-7.6,240,4.71238898038469
1990,10,2610.78649306315,1.8,248,5.23598775598299
1990,11,3584.52978349034,-5.3,240,5.75958653158129
1990,12,3639.92091326552,-2.4,248,6.28318530717959
1991,1,3449.33835030001,5.1,248,0.523598775598299
1991,2,3538.01132308873,0.6,224,1.0471975511966
1991,3,3825.24181790894,-10.6,248,1.5707963267949
1991,4,2190.76277071266,-12.9,240,2.0943951023932
1991,5,1306.85068217155,-19.3,248,2.61799387799149
1991,6,4853.50484689606,-5.5,240,3.14159265358979
1991,7,7379.9920714103,-1.7,248,3.66519142918809
1991,8,5547.14686653013,-7.6,248,4.18879020478639
1991,9,4494.41435136448,-16.6,240,4.71238898038469
1991,10,2552.94547252628,-12.9,248,5.23598775598299
1991,11,3522.92678263213,-7.3,240,5.75958653158129
1991,12,4720.48069961531,-16.7,248,6.28318530717959
1992,1,4915.27586827192,-25.4,248,0.523598775598299
1992,2,2477.40575796237,-9.3,232,1.0471975511966
1992,3,3123.62234026919,-24.2,248,1.5707963267949
1992,4,2240.52971544908,-18.7,240,2.0943951023932
1992,5,3548.42246441318,0.5,248,2.61799387799149
1992,6,4519.27721421843,-12.8,240,3.14159265358979
1992,7,5474.88088868144,-6.9,248,3.66519142918809
1992,8,5047.39980442969,1.4,248,4.18879020478639
1992,9,4023.55798452996,0.8,240,4.71238898038469
1992,10,3187.48715939893,-17.2,248,5.23598775598299
1992,11,2411.5176988684,-7.3,240,5.75958653158129
1992,12,4257.89548525221,-5.5,248,6.28318530717959
1993,1,3991.18577767911,-8.2,248,0.523598775598299
1993,2,3563.50369757095,-7.9,224,1.0471975511966
1993,3,3459.77731024071,-8.5,248,1.5707963267949
1993,4,1737.52072143714,-21.1,240,2.0943951023932
1993,5,1088.13333315332,-8.2,248,2.61799387799149
1993,6,4222.78675238158,-16,240,3.14159265358979
1993,7,1273.95540139243,-10.8,248,3.66519142918809
1993,8,3445.80404205589,-14,248,4.18879020478639
1993,9,3143.30816394343,-7.6,240,4.71238898038469
1993,10,3224.98262170243,-13.5,248,5.23598775598299
1993,11,4163.40078082404,0.6,240,5.75958653158129
1993,12,5075.9145866914,1.6,248,6.28318530717959
1994,1,4735.45810701948,-1.6,248,0.523598775598299
1994,2,4181.70702585356,0.6,224,1.0471975511966
1994,3,3125.07500801072,-10.6,248,1.5707963267949
1994,4,2030.31158662106,-22.8,240,2.0943951023932
1994,5,3569.39974163437,-13,248,2.61799387799149
1994,6,3680.36254360087,-10.4,240,3.14159265358979
1994,7,3029.0580605559,-18,248,3.66519142918809
1994,8,3025.1123895865,-17.2,248,4.18879020478639
1994,9,4087.21480503214,-17.2,240,4.71238898038469
1994,10,4049.32663621981,-14.1,248,5.23598775598299
1994,11,4931.53110338336,-7.3,240,5.75958653158129
1994,12,3967.89128887009,-11.6,248,6.28318530717959
1995,1,3871.06847052168,-4,248,0.523598775598299
1995,2,3746.85936785632,-2.7,224,1.0471975511966
1995,3,938.073576404113,3.5,248,1.5707963267949
1995,4,4190.87891058137,-16.2,240,2.0943951023932
1995,5,1973.22199918437,-9,248,2.61799387799149
1995,6,4740.57928085602,-1.5,240,3.14159265358979
1995,7,5936.56537610756,4.2,248,3.66519142918809
1995,8,3399.98469425696,0.8,248,4.18879020478639
1995,9,2560.16319353885,3.2,240,4.71238898038469
1995,10,3140.83026452156,-1.3,248,5.23598775598299
1995,11,2969.07649370147,1.3,240,5.75958653158129
1995,12,4209.06582759459,-5.5,248,6.28318530717959
1996,1,2996.28116056003,8.4,248,0.523598775598299
1996,2,1964.89256606799,1.1,232,1.0471975511966
1996,3,2948.58116812711,6.2,248,1.5707963267949
1996,4,3632.5090333573,7.8,240,2.0943951023932
1996,5,2890.23085615293,1.3,248,2.61799387799149
1996,6,3901.80220712205,13.9,240,3.14159265358979
1996,7,5860.62315699103,6.8,248,3.66519142918809
1996,8,4608.07182657798,4.6,248,4.18879020478639
1996,9,4603.94726395919,6.9,240,4.71238898038469
1996,10,2742.91126651491,4.2,248,5.23598775598299
1996,11,3352.36947821285,-0.1,240,5.75958653158129
1996,12,3568.87705743904,7.2,248,6.28318530717959
1997,1,4111.63229380845,4.1,248,0.523598775598299
1997,2,2855.72914978867,13.3,224,1.0471975511966
1997,3,3266.81659395643,-8.5,248,1.5707963267949
1997,4,2134.05708992462,-16.2,240,2.0943951023932
1997,5,2111.75540897379,-22.4,248,2.61799387799149
1997,6,-426.363438452654,-24.1,240,3.14159265358979
1997,7,1007.94616918279,-9.5,248,3.66519142918809
1997,8,3007.32317258428,-19.8,248,4.18879020478639
1997,9,2396.15287564283,-14.8,240,4.71238898038469
1997,10,2660.10013399217,-17.8,248,5.23598775598299
1997,11,3705.37810243752,-15.2,240,5.75958653158129
1997,12,3724.55187100348,-9.1,248,6.28318530717959
1998,1,4893.56625274422,-23.5,248,0.523598775598299
1998,2,3057.7718825473,-19.2,224,1.0471975511966
1998,3,2125.44227514337,-28.5,248,1.5707963267949
1998,4,2118.64232420268,-24.4,240,2.0943951023932
1998,5,4668.63300087024,0.5,248,2.61799387799149
1998,6,3918.9286183959,9.9,240,3.14159265358979
1998,7,5347.7339470065,14.6,248,3.66519142918809
1998,8,2505.07773182999,9.8,248,4.18879020478639
1998,9,2251.52131174838,11.1,240,4.71238898038469
1998,10,3494.08905873558,10.9,248,5.23598775598299
1998,11,1772.30118843813,12.5,240,5.75958653158129
1998,12,5551.59628287168,13.3,248,6.28318530717959
1999,1,5598.94326645687,15.6,248,0.523598775598299
1999,2,2228.59249094279,8.6,224,1.0471975511966
1999,3,3034.91728028319,8.9,248,1.5707963267949
1999,4,2830.83632353377,18.5,240,2.0943951023932
1999,5,2849.20414973768,1.3,248,2.61799387799149
1999,6,3570.89082672798,1,240,3.14159265358979
1999,7,1833.93889808185,4.8,248,3.66519142918809
1999,8,2211.93984574684,2.1,248,4.18879020478639
1999,9,2517.03389525607,-0.4,240,4.71238898038469
1999,10,2260.60761811248,9.1,248,5.23598775598299
1999,11,2780.42351247098,13.1,240,5.75958653158129
1999,12,4492.07235955766,12.8,248,6.28318530717959
2000,1,2590.18256852167,5.1,248,0.523598775598299
2000,2,5472.31615413338,12.9,232,1.0471975511966
2000,3,2860.45222150596,9.4,248,1.5707963267949
2000,4,1785.08153173655,16.8,240,2.0943951023932
2000,5,3223.14063749866,3.6,248,2.61799387799149
2000,6,4169.26130803059,-5.5,240,3.14159265358979
2000,7,4436.70213299972,-3.7,248,3.66519142918809
2000,8,4546.5911801735,5.3,248,4.18879020478639
2000,9,4498.36673002861,9.9,240,4.71238898038469
2000,10,3761.23631948949,9.7,248,5.23598775598299
2000,11,4957.32659522899,22.4,240,5.75958653158129
2000,12,3623.79423818131,7.7,248,6.28318530717959
2001,1,5177.22247125845,8.4,248,0.523598775598299
2001,2,3287.67586098127,11.9,224,1.0471975511966
2001,3,2607.50013717447,6.7,248,1.5707963267949
2001,4,2030.08005995528,0.3,240,2.0943951023932
2001,5,2021.43884112082,-9,248,2.61799387799149
2001,6,3692.82361258302,1.8,240,3.14159265358979
2001,7,4138.87865596635,-3.7,248,3.66519142918809
2001,8,5229.7558555735,-8.2,248,4.18879020478639
2001,9,3100.97978880144,1.4,240,4.71238898038469
2001,10,3376.42247107753,-1.9,248,5.23598775598299
2001,11,3214.10172371245,7.2,240,5.75958653158129
2001,12,4175.9474681157,-9.1,248,6.28318530717959
2002,1,4870.35839455669,2.7,248,0.523598775598299
2002,2,4259.68082931324,7.7,224,1.0471975511966
2002,3,2819.3338203072,-5.2,248,1.5707963267949
2002,4,3146.47223911594,-3.8,240,2.0943951023932
2002,5,2832.14716808536,-14.5,248,2.61799387799149
2002,6,4064.560974093,-6.3,240,3.14159265358979
2002,7,3894.4950079497,-7.6,248,3.66519142918809
2002,8,2627.80479419154,-14.6,248,4.18879020478639
2002,9,3212.98735633104,-8.2,240,4.71238898038469
2002,10,2539.64697326561,-7.4,248,5.23598775598299
2002,11,3427.40181987048,-6,240,5.75958653158129
2002,12,4851.75522923009,-10.6,248,6.28318530717959
2003,1,3802.29528186554,-2,248,0.523598775598299
2003,2,4665.748095047,-7.4,224,1.0471975511966
2003,3,3435.12923742326,-6.8,248,1.5707963267949
2003,4,1129.37089979584,-5.5,240,2.0943951023932
2003,5,2503.68503891676,-7.4,248,2.61799387799149
2003,6,4373.72496196894,-12,240,3.14159265358979
2003,7,2773.48745774029,2.9,248,3.66519142918809
2003,8,2799.37734402763,-1.8,248,4.18879020478639
2003,9,3857.96114460533,-2.2,240,4.71238898038469
2003,10,2803.91474719198,-1.9,248,5.23598775598299
2003,11,1960.95576765079,-3.4,240,5.75958653158129
2003,12,2978.30665733336,9.3,248,6.28318530717959
2004,1,3472.78973514617,-11.6,248,0.523598775598299
2004,2,2586.93205392312,9.1,232,1.0471975511966
2004,3,2492.14801547988,0.2,248,1.5707963267949
2004,4,2889.64695369795,-15.4,240,2.0943951023932
2004,5,4796.45119481957,13.1,248,2.61799387799149
2004,6,3998.70011553287,-15.2,240,3.14159265358979
2004,7,3728.01101230284,-6.9,248,3.66519142918809
2004,8,4550.02056430477,-7.6,248,4.18879020478639
2004,9,2098.4007196894,-2.8,240,4.71238898038469
2004,10,3699.39238939434,-3.7,248,5.23598775598299
2004,11,2142.03286093043,-8.6,240,5.75958653158129
2004,12,3540.83783733971,-8,248,6.28318530717959
2005,1,3887.12035864899,1.8,248,0.523598775598299
2005,2,4406.34976322345,-28.6,224,1.0471975511966
2005,3,3470.35399331016,0.2,248,1.5707963267949
2005,4,2503.29564699595,-11.2,240,2.0943951023932
2005,5,2152.47625786407,-14.5,248,2.61799387799149
2005,6,3518.12431802184,2.6,240,3.14159265358979
2005,7,3430.14134826911,0.9,248,3.66519142918809
2005,8,2717.56376055284,-6.9,248,4.18879020478639
2005,9,3528.15089332694,3.9,240,4.71238898038469
2005,10,3671.75327486776,10.9,248,5.23598775598299
2005,11,2976.88495127997,-2,240,5.75958653158129
2005,12,3176.46290305323,0.1,248,6.28318530717959
2006,1,4741.8071685386,12.7,248,0.523598775598299
2006,2,4196.79435253251,0.1,224,1.0471975511966
2006,3,3067.22666884977,13.8,248,1.5707963267949
2006,4,2171.63223437012,14.4,240,2.0943951023932
2006,5,3868.80956120867,-9.8,248,2.61799387799149
2006,6,2307.76865296787,-6.3,240,3.14159265358979
2006,7,3352.6546974514,-7.6,248,3.66519142918809
2006,8,1734.40697621228,-15.9,248,4.18879020478639
2006,9,2196.85116613044,-5.8,240,4.71238898038469
2006,10,2575.92636106419,-16,248,5.23598775598299
2006,11,2381.09279130618,-1.4,240,5.75958653158129
2006,12,5069.00336604273,-3.5,248,6.28318530717959
2007,1,5007.95025232255,-7.8,248,0.523598775598299
2007,2,5893.07806123445,-2.7,224,1.0471975511966
2007,3,2493.16035681691,-1.4,248,1.5707963267949
2007,4,2815.97811947507,-3,240,2.0943951023932
2007,5,2530.09105576672,-2.7,248,2.61799387799149
2007,6,4726.48107032843,5,240,3.14159265358979
2007,7,5556.69057619957,-5,248,3.66519142918809
2007,8,3975.96404140674,2.7,248,4.18879020478639
2007,9,2191.6190524156,1.4,240,4.71238898038469
2007,10,2938.80015046409,5.4,248,5.23598775598299
2007,11,5061.91645224914,9.2,240,5.75958653158129
2007,12,3348.74563933103,14.4,248,6.28318530717959
2008,1,4783.52728095823,14.1,248,0.523598775598299
2008,2,3275.02274325326,21.3,232,1.0471975511966
2008,3,3227.58076341773,12.2,248,1.5707963267949
2008,4,1179.36445446237,4.5,240,2.0943951023932
2008,5,2552.61675375417,-3.5,248,2.61799387799149
2008,6,4649.85266034057,4.2,240,3.14159265358979
2008,7,4255.30487005288,2.2,248,3.66519142918809
2008,8,6121.26557499156,9.1,248,4.18879020478639
2008,9,1946.54317709535,13.5,240,4.71238898038469
2008,10,1321.31304883168,13.4,248,5.23598775598299
2008,11,4989.9878173122,17.1,240,5.75958653158129
2008,12,3546.15696368559,13.3,248,6.28318530717959
2009,1,3624.4693151873,9.4,248,0.523598775598299
2009,2,4079.28209291697,14.8,224,1.0471975511966
2009,3,4307.44791726179,0.2,248,1.5707963267949
2009,4,1579.30651268267,8.6,240,2.0943951023932
2009,5,2949.50956384984,-7.4,248,2.61799387799149
2009,6,3975.32314868835,-2.3,240,3.14159265358979
2009,7,4611.67840127696,1.6,248,3.66519142918809
2009,8,2861.04922027975,-5,248,4.18879020478639
2009,9,3569.44628664273,3.9,240,4.71238898038469
2009,10,4170.23978212539,-14.7,248,5.23598775598299
2009,11,3183.07163365877,-6,240,5.75958653158129
2009,12,3832.94807106241,-7,248,6.28318530717959
2010,1,4138.43003763937,-10.1,248,0.523598775598299
2010,2,3427.6752895401,-14.5,224,1.0471975511966
2010,3,3043.8059486824,-10.6,248,1.5707963267949
2010,4,2510.15271702935,15.2,240,2.0943951023932
2010,5,2730.1338126193,10,248,2.61799387799149
2010,6,3505.3267415714,1.8,240,3.14159265358979
2010,7,1978.03982348877,20.5,248,3.66519142918809
2010,8,6625.45270746172,18.8,248,4.18879020478639
2010,9,3584.0893961448,24.9,240,4.71238898038469
2010,10,3827.55092491851,18.3,248,5.23598775598299
2010,11,3619.02811680755,16.4,240,5.75958653158129
2010,12,4593.14723843615,27.1,248,6.28318530717959
2011,1,5530.80658451702,19.9,248,0.523598775598299
2011,2,1124.58516139963,22.3,224,1.0471975511966
2011,3,3401.87812050282,21.4,248,1.5707963267949
2011,4,1132.71188906511,25.1,240,2.0943951023932
2011,5,2784.19667986333,2.1,248,2.61799387799149
2011,6,4016.43925787383,0.2,240,3.14159265358979
2011,7,4238.34179805682,10.7,248,3.66519142918809
2011,8,2441.26032578751,2.1,248,4.18879020478639
2011,9,3702.15467774667,11.7,240,4.71238898038469
2011,10,2512.5042178179,7.3,248,5.23598775598299
2011,11,3179.97518870782,13.8,240,5.75958653158129
2011,12,2730.15957431192,23,248,6.28318530717959
2012,1,5063.76618678169,9.4,248,0.523598775598299
2012,2,3637.02216585617,2.5,232,1.0471975511966
2012,3,3415.53388086907,2.9,248,1.5707963267949
2012,4,2305.75173270247,-7.1,240,2.0943951023932
2012,5,3039.52738701631,-2.7,248,2.61799387799149
2012,6,2857.74595246757,-10.4,240,3.14159265358979
2012,7,2357.20390131011,-1.7,248,3.66519142918809
2012,8,5231.95316007158,-5,248,4.18879020478639
2012,9,2930.571998343,2.6,240,4.71238898038469
2012,10,2592.31064216898,2.4,248,5.23598775598299
2012,11,4251.1851269372,3.9,240,5.75958653158129
2012,12,4389.11457268209,-6,248,6.28318530717959
2013,1,5381.10721127566,-1.1,248,0.523598775598299
2013,2,3924.12909823091,-3.6,224,1.0471975511966
2013,3,3049.20503116888,10.5,248,1.5707963267949
2013,4,2833.36413994683,0.3,240,2.0943951023932
2013,5,2579.25723688553,8.4,248,2.61799387799149
2013,6,3414.22631050863,13.9,240,3.14159265358979
2013,7,1671.86235515317,8.1,248,3.66519142918809
2013,8,5790.15063880933,-0.5,248,4.18879020478639
2013,9,2976.31039854838,3.9,240,4.71238898038469
2013,10,2963.03531517332,-1.9,248,5.23598775598299
2013,11,2814.80376708451,9.2,240,5.75958653158129
2013,12,5082.93410450136,0.6,248,6.28318530717959
2014,1,6177.2532516121,12.2,248,0.523598775598299
2014,2,4127.67928253537,-1.3,224,1.0471975511966
2014,3,4124.60780010277,-13.3,248,1.5707963267949
2014,4,1722.78597394288,8.6,240,2.0943951023932
2014,5,2645.14860947268,4.4,248,2.61799387799149
2014,6,3716.25670461198,-1.5,240,3.14159265358979
2014,7,5269.06437865801,-3,248,3.66519142918809
2014,8,2845.89275823998,-11.4,248,4.18879020478639
2014,9,2880.61576515826,-7.6,240,4.71238898038469
2014,10,3290.40489201051,-8,248,5.23598775598299
2014,11,3919.90999316195,-10,240,5.75958653158129
2014,12,3308.61030345411,-5.5,248,6.28318530717959
