Estuary,Year,Month,Average_Wind_Speed,count
Sydney,1851,1,6.47058809078099,248
Sydney,1851,2,6.72993968028645,224
Sydney,1851,3,5.00922009348556,248
Sydney,1851,4,4.06273883817277,240
Sydney,1851,5,3.91869260433049,248
Sydney,1851,6,6.53800727244782,240
Sydney,1851,7,7.0843852331934,248
Sydney,1851,8,4.44004664931301,248
Sydney,1851,9,3.51492959413617,240
Sydney,1851,10,4.39962742121089,248
Sydney,1851,11,5.95397813393053,240
Sydney,1851,12,6.11058209334122,248
Sydney,1852,1,6.13669017883202,248
Sydney,1852,2,6.59026852300678,232
Sydney,1852,3,5.11378006422252,248
Sydney,1852,4,2.88166088327873,240
Sydney,1852,5,3.42590789497013,248
Sydney,1852,6,5.10182716712227,240
Sydney,1852,7,6.49362201345751,248
Sydney,1852,8,6.94475967383373,248
Sydney,1852,9,2.76562277106591,240
Sydney,1852,10,5.53028331516321,248
Sydney,1852,11,6.30133483435791,240
Sydney,1852,12,6.51336094545762,248
Sydney,1853,1,6.982692496902,248
Sydney,1853,2,7.0378347912765,224
Sydney,1853,3,4.89301979934882,248
Sydney,1853,4,3.3903219034636,240
Sydney,1853,5,4.79217036751573,248
Sydney,1853,6,6.75910323903722,240
Sydney,1853,7,7.60250212867238,248
Sydney,1853,8,6.28539275532839,248
Sydney,1853,9,5.10971969237331,240
Sydney,1853,10,7.47135936353379,248
Sydney,1853,11,6.10344437329497,240
Sydney,1853,12,7.3578668633265,248
Sydney,1854,1,8.42680337495355,248
Sydney,1854,2,8.932349968082,224
Sydney,1854,3,6.04516251508383,248
Sydney,1854,4,5.70341734895622,240
Sydney,1854,5,5.8284466116196,248
Sydney,1854,6,6.46898238134541,240
Sydney,1854,7,8.70639730196142,248
Sydney,1854,8,10.2060194899286,248
Sydney,1854,9,3.98719946494196,240
Sydney,1854,10,7.8775308187144,248
Sydney,1854,11,7.52819096572403,240
Sydney,1854,12,7.68481190906944,248
Sydney,1855,1,7.9448405061077,248
Sydney,1855,2,9.44843984857025,224
Sydney,1855,3,6.86712009805668,248
Sydney,1855,4,4.41051693342833,240
Sydney,1855,5,3.62923341946813,248
Sydney,1855,6,4.56863700440351,240
Sydney,1855,7,7.09351359944807,248
Sydney,1855,8,8.82304799589631,248
Sydney,1855,9,6.85848054585198,240
Sydney,1855,10,6.89038601515175,248
Sydney,1855,11,6.775947190192,240
Sydney,1855,12,8.07454179949741,248
Sydney,1856,1,8.45141827296516,248
Sydney,1856,2,8.59052750132748,232
Sydney,1856,3,6.56112607488406,248
Sydney,1856,4,5.43567172076211,240
Sydney,1856,5,7.63497739930071,248
Sydney,1856,6,10.1649342732387,240
Sydney,1856,7,7.91215871507795,248
Sydney,1856,8,6.11238998644139,248
Sydney,1856,9,5.01108254375099,240
Sydney,1856,10,8.9996236358875,248
Sydney,1856,11,6.57870502689097,240
Sydney,1856,12,8.05863985847753,248
Sydney,1857,1,7.9642114835077,248
Sydney,1857,2,8.70917600747474,224
Sydney,1857,3,7.36163156376006,248
Sydney,1857,4,7.28286084801997,240
Sydney,1857,5,7.63737851402004,248
Sydney,1857,6,8.20439099282001,240
Sydney,1857,7,9.85851381543817,248
Sydney,1857,8,5.90356835679777,248
Sydney,1857,9,6.44665491165674,240
Sydney,1857,10,5.74096308014512,248
Sydney,1857,11,7.18039317512061,240
Sydney,1857,12,8.74538771884674,248
Sydney,1858,1,9.27916745799817,248
Sydney,1858,2,9.22762432361512,224
Sydney,1858,3,6.54489558760896,248
Sydney,1858,4,5.29984599598025,240
Sydney,1858,5,6.409525578288,248
Sydney,1858,6,5.50411682539005,240
Sydney,1858,7,8.08075041279685,248
Sydney,1858,8,4.4282821350827,248
Sydney,1858,9,6.55540716736178,240
Sydney,1858,10,4.60159950637486,248
Sydney,1858,11,7.27061341514929,240
Sydney,1858,12,7.35918525437062,248
Sydney,1859,1,9.4252398246284,248
Sydney,1859,2,7.25278962799048,224
Sydney,1859,3,6.88052055334787,248
Sydney,1859,4,5.21251198267978,240
Sydney,1859,5,5.73970294369763,248
Sydney,1859,6,7.41321663414027,240
Sydney,1859,7,7.58004238802294,248
Sydney,1859,8,8.08777288211369,248
Sydney,1859,9,6.76746940177255,240
Sydney,1859,10,7.1258115186467,248
Sydney,1859,11,7.14202634503789,240
Sydney,1859,12,7.52783303212076,248
Sydney,1860,1,8.25572526170476,248
Sydney,1860,2,7.93729697967782,232
Sydney,1860,3,5.86717566411438,248
Sydney,1860,4,5.45218867188929,240
Sydney,1860,5,5.20691461489366,248
Sydney,1860,6,8.21554407967753,240
Sydney,1860,7,6.06897766714459,248
Sydney,1860,8,6.64920288184674,248
Sydney,1860,9,5.00961131104723,240
Sydney,1860,10,6.97028925994312,248
Sydney,1860,11,5.91414038750118,240
Sydney,1860,12,7.46180704861598,248
Sydney,1861,1,7.48341970325003,248
Sydney,1861,2,6.76619451563668,224
Sydney,1861,3,5.86763470216049,248
Sydney,1861,4,5.52087947185733,240
Sydney,1861,5,5.5845344534979,248
Sydney,1861,6,8.71052238945206,240
Sydney,1861,7,9.53044013018908,248
Sydney,1861,8,6.8046112721964,248
Sydney,1861,9,6.64907394557901,240
Sydney,1861,10,7.92971011887935,248
Sydney,1861,11,8.19344466802595,240
Sydney,1861,12,8.6961791537575,248
Sydney,1862,1,8.70605323832513,248
Sydney,1862,2,6.56514645540625,224
Sydney,1862,3,5.67438811680184,248
Sydney,1862,4,4.34383274458399,240
Sydney,1862,5,7.63694603680285,248
Sydney,1862,6,8.93666134506705,240
Sydney,1862,7,11.5197185297507,248
Sydney,1862,8,8.86039049895595,248
Sydney,1862,9,8.73440872817283,240
Sydney,1862,10,7.63920507063578,248
Sydney,1862,11,8.47102804088864,240
Sydney,1862,12,7.23010733225243,248
Sydney,1863,1,8.86041457397788,248
Sydney,1863,2,7.3727919081066,224
Sydney,1863,3,5.723538343454,248
Sydney,1863,4,7.14986126472012,240
Sydney,1863,5,5.29163541412361,248
Sydney,1863,6,8.72798791006023,240
Sydney,1863,7,8.03930003759243,248
Sydney,1863,8,8.77972928853227,248
Sydney,1863,9,6.1628972275538,240
Sydney,1863,10,4.8346736053939,248
Sydney,1863,11,7.62703267961478,240
Sydney,1863,12,8.45811710208646,248
Sydney,1864,1,7.76511909585071,248
Sydney,1864,2,6.91797447532882,232
Sydney,1864,3,6.53533837520388,248
Sydney,1864,4,4.76370036051541,240
Sydney,1864,5,6.85329138177149,248
Sydney,1864,6,7.80204581050183,240
Sydney,1864,7,8.9621823260155,248
Sydney,1864,8,11.0167504943265,248
Sydney,1864,9,6.85788092188732,240
Sydney,1864,10,6.73278365175478,248
Sydney,1864,11,7.88140049613984,240
Sydney,1864,12,7.67475412239468,248
Sydney,1865,1,8.0910216773153,248
Sydney,1865,2,7.91516154011393,224
Sydney,1865,3,6.0271389045039,248
Sydney,1865,4,4.70807073646272,240
Sydney,1865,5,10.225778285339,248
Sydney,1865,6,8.42868997147943,240
Sydney,1865,7,8.78343435656904,248
Sydney,1865,8,7.28568642100094,248
Sydney,1865,9,7.04072652002102,240
Sydney,1865,10,8.11963968587723,248
Sydney,1865,11,8.60868275144464,240
Sydney,1865,12,7.55221021619037,248
Sydney,1866,1,8.02855059432932,248
Sydney,1866,2,7.65760611495539,224
Sydney,1866,3,6.65671070278884,248
Sydney,1866,4,4.46463376269021,240
Sydney,1866,5,6.03891398172788,248
Sydney,1866,6,8.64098228292698,240
Sydney,1866,7,7.45201410612542,248
Sydney,1866,8,7.85344181846651,248
Sydney,1866,9,6.60934264816858,240
Sydney,1866,10,6.80557018107251,248
Sydney,1866,11,7.49006566549392,240
Sydney,1866,12,8.81934459595233,248
Sydney,1867,1,8.746261913618,248
Sydney,1867,2,7.54594995312877,224
Sydney,1867,3,5.85987098443446,248
Sydney,1867,4,4.86102971147827,240
Sydney,1867,5,5.98162359830737,248
Sydney,1867,6,6.74275194702511,240
Sydney,1867,7,8.86460323649888,248
Sydney,1867,8,6.39538711804478,248
Sydney,1867,9,9.07031367814892,240
Sydney,1867,10,8.70557844233551,248
Sydney,1867,11,8.50762308438149,240
Sydney,1867,12,7.61862803695215,248
Sydney,1868,1,8.69681019355142,248
Sydney,1868,2,8.98796753197981,232
Sydney,1868,3,6.62417160594638,248
Sydney,1868,4,5.78306600814377,240
Sydney,1868,5,6.47926878727448,248
Sydney,1868,6,9.98832880987918,240
Sydney,1868,7,9.2550467311372,248
Sydney,1868,8,7.40173183270966,248
Sydney,1868,9,7.22937186422431,240
Sydney,1868,10,6.7946450227519,248
Sydney,1868,11,7.74650567445314,240
Sydney,1868,12,7.53798740128658,248
Sydney,1869,1,7.00732303238767,248
Sydney,1869,2,8.68973126233107,224
Sydney,1869,3,7.63757226287383,248
Sydney,1869,4,5.07094870721977,240
Sydney,1869,5,5.71696535797966,248
Sydney,1869,6,10.0885961390608,240
Sydney,1869,7,6.81399886175229,248
Sydney,1869,8,6.72210134671849,248
Sydney,1869,9,7.19445620951116,240
Sydney,1869,10,8.5068902874861,248
Sydney,1869,11,6.65552017647062,240
Sydney,1869,12,8.01986547256129,248
Sydney,1870,1,9.94820221526212,248
Sydney,1870,2,8.08673328565447,224
Sydney,1870,3,6.65473598142267,248
Sydney,1870,4,4.96433398859586,240
Sydney,1870,5,6.2809508056011,248
Sydney,1870,6,8.64176043855867,240
Sydney,1870,7,7.41714073325657,248
Sydney,1870,8,10.7775976273713,248
Sydney,1870,9,5.85246995107983,240
Sydney,1870,10,6.59135196765902,248
Sydney,1870,11,7.63336340051612,240
Sydney,1870,12,8.27194524057069,248
Sydney,1871,1,7.36991193139769,248
Sydney,1871,2,7.04423688875226,224
Sydney,1871,3,5.84460079130798,248
Sydney,1871,4,3.63999173063284,240
Sydney,1871,5,6.88386505628486,248
Sydney,1871,6,7.35784070426415,240
Sydney,1871,7,9.18943066075646,248
Sydney,1871,8,6.74221887318966,248
Sydney,1871,9,5.35196453992335,240
Sydney,1871,10,6.1738977565404,248
Sydney,1871,11,6.28240716995445,240
Sydney,1871,12,7.40894788446968,248
Sydney,1872,1,7.84579270651906,248
Sydney,1872,2,7.1091263076545,232
Sydney,1872,3,5.31872491334707,248
Sydney,1872,4,6.02849340583516,240
Sydney,1872,5,7.00000193447611,248
Sydney,1872,6,9.19578622087616,240
Sydney,1872,7,9.06338168620779,248
Sydney,1872,8,7.47601897388789,248
Sydney,1872,9,5.33736591753083,240
Sydney,1872,10,7.25268630484123,248
Sydney,1872,11,6.00213186496725,240
Sydney,1872,12,6.63833076217343,248
Sydney,1873,1,8.71824756454579,248
Sydney,1873,2,7.38616033780933,224
Sydney,1873,3,5.47690818144721,248
Sydney,1873,4,4.82671847089515,240
Sydney,1873,5,5.88068365369545,248
Sydney,1873,6,7.10555320325382,240
Sydney,1873,7,7.3171908800838,248
Sydney,1873,8,6.97479820030615,248
Sydney,1873,9,7.70293062987864,240
Sydney,1873,10,7.54618955556634,248
Sydney,1873,11,6.54397092181392,240
Sydney,1873,12,7.57631970762479,248
Sydney,1874,1,8.00423550420726,248
Sydney,1874,2,8.35909082260494,224
Sydney,1874,3,5.77668963801866,248
Sydney,1874,4,6.93787341065721,240
Sydney,1874,5,11.272631803541,248
Sydney,1874,6,9.69723838806011,240
Sydney,1874,7,8.97192858756006,248
Sydney,1874,8,8.00190267675957,248
Sydney,1874,9,8.30131577426896,240
Sydney,1874,10,6.77324690687394,248
Sydney,1874,11,7.1365730932366,240
Sydney,1874,12,6.80308937746677,248
Sydney,1875,1,6.66922682472563,248
Sydney,1875,2,7.75045379906363,224
Sydney,1875,3,4.83195576845578,248
Sydney,1875,4,4.88717091481368,240
Sydney,1875,5,7.01635411191068,248
Sydney,1875,6,9.29325663219974,240
Sydney,1875,7,7.76535575820365,248
Sydney,1875,8,8.07759444112971,248
Sydney,1875,9,6.84155445655267,240
Sydney,1875,10,7.07833568053773,248
Sydney,1875,11,7.06066311260811,240
Sydney,1875,12,8.58563434476505,248
Sydney,1876,1,7.92913889412767,248
Sydney,1876,2,8.36787322120782,232
Sydney,1876,3,5.80239907141412,248
Sydney,1876,4,4.30096625782005,240
Sydney,1876,5,5.89805969459848,248
Sydney,1876,6,7.24733806553677,240
Sydney,1876,7,7.75341832831692,248
Sydney,1876,8,6.50371153628855,248
Sydney,1876,9,6.74375928549117,240
Sydney,1876,10,5.61842693934273,248
Sydney,1876,11,7.27654287460568,240
Sydney,1876,12,7.86226536789324,248
Sydney,1877,1,8.58070999184659,248
Sydney,1877,2,7.40616349616556,224
Sydney,1877,3,6.50433012627281,248
Sydney,1877,4,5.41660642253103,240
Sydney,1877,5,8.70472669778233,248
Sydney,1877,6,5.4664954790959,240
Sydney,1877,7,6.67435183883265,248
Sydney,1877,8,6.1642291301619,248
Sydney,1877,9,6.1248895772959,240
Sydney,1877,10,7.36067739311464,248
Sydney,1877,11,7.41418442066763,240
Sydney,1877,12,8.04536324047463,248
Sydney,1878,1,8.36534233845259,248
Sydney,1878,2,6.49785679768503,224
Sydney,1878,3,6.4950835363937,248
Sydney,1878,4,6.0331301991458,240
Sydney,1878,5,5.86902846356006,248
Sydney,1878,6,9.32143585360746,240
Sydney,1878,7,8.78194553328368,248
Sydney,1878,8,9.9549585680751,248
Sydney,1878,9,6.85060797058039,240
Sydney,1878,10,7.91657963117179,248
Sydney,1878,11,8.37117961047105,240
Sydney,1878,12,8.36941921284696,248
Sydney,1879,1,8.94159339173725,248
Sydney,1879,2,8.75496515043714,224
Sydney,1879,3,6.85966057358375,248
Sydney,1879,4,7.27668367052555,240
Sydney,1879,5,10.4940605403873,248
Sydney,1879,6,9.02474080092983,240
Sydney,1879,7,8.64054661412296,248
Sydney,1879,8,7.81130648657467,248
Sydney,1879,9,7.75656089710369,240
Sydney,1879,10,8.81279034919848,248
Sydney,1879,11,8.73257628639345,240
Sydney,1879,12,10.5385155203267,248
Sydney,1880,1,10.7574723346496,248
Sydney,1880,2,9.18346248493745,232
Sydney,1880,3,6.69282371856974,248
Sydney,1880,4,6.92475889347352,240
Sydney,1880,5,8.36274347414276,248
Sydney,1880,6,8.83812811698957,240
Sydney,1880,7,9.37199235558149,248
Sydney,1880,8,9.75689841713082,248
Sydney,1880,9,7.8503066344058,240
Sydney,1880,10,9.31724861887155,248
Sydney,1880,11,10.2383685895584,240
Sydney,1880,12,11.3953241990016,248
Sydney,1881,1,9.91060669737337,248
Sydney,1881,2,8.86545663089458,224
Sydney,1881,3,7.02947273004335,248
Sydney,1881,4,7.10323597156988,240
Sydney,1881,5,7.75074313177653,248
Sydney,1881,6,11.6602646627704,240
Sydney,1881,7,8.67166488671482,248
Sydney,1881,8,8.12836905670435,248
Sydney,1881,9,9.11854563008431,240
Sydney,1881,10,9.88011706613333,248
Sydney,1881,11,8.53412119291888,240
Sydney,1881,12,10.1606474185491,248
Sydney,1882,1,11.0848119439228,248
Sydney,1882,2,9.67440552910127,224
Sydney,1882,3,7.78467048090908,248
Sydney,1882,4,6.49744884828283,240
Sydney,1882,5,7.9619361206122,248
Sydney,1882,6,10.5842805964842,240
Sydney,1882,7,10.1909497596564,248
Sydney,1882,8,7.68805903257697,248
Sydney,1882,9,9.08711931670896,240
Sydney,1882,10,8.63965072766336,248
Sydney,1882,11,9.64691785482297,240
Sydney,1882,12,9.1258568185057,248
Sydney,1883,1,9.43108865017252,248
Sydney,1883,2,8.92357363988337,224
Sydney,1883,3,7.64340277886955,248
Sydney,1883,4,6.44096850016567,240
Sydney,1883,5,9.87389129955848,248
Sydney,1883,6,7.90706554628654,240
Sydney,1883,7,10.738149425511,248
Sydney,1883,8,6.97199394570372,248
Sydney,1883,9,9.95591010440053,240
Sydney,1883,10,9.20818218672941,248
Sydney,1883,11,10.4851231127023,240
Sydney,1883,12,10.5921509081167,248
Sydney,1884,1,11.5386988305867,248
Sydney,1884,2,10.1408071943924,232
Sydney,1884,3,8.70759001792907,248
Sydney,1884,4,8.69866063286508,240
Sydney,1884,5,8.49541352233712,248
Sydney,1884,6,8.63763150901426,240
Sydney,1884,7,8.30710477792175,248
Sydney,1884,8,8.2169508908901,248
Sydney,1884,9,9.01336899692436,240
Sydney,1884,10,11.0997717400626,248
Sydney,1884,11,11.1563123979055,240
Sydney,1884,12,10.2918063874387,248
Sydney,1885,1,10.6545314057504,248
Sydney,1885,2,10.3874412271512,224
Sydney,1885,3,8.53881773168679,248
Sydney,1885,4,8.16984691882562,240
Sydney,1885,5,6.57752907872594,248
Sydney,1885,6,11.4621857545876,240
Sydney,1885,7,8.1469060971651,248
Sydney,1885,8,10.0964675091308,248
Sydney,1885,9,10.2926655991384,240
Sydney,1885,10,10.0419620573377,248
Sydney,1885,11,11.9184343929614,240
Sydney,1885,12,10.299574727145,248
Sydney,1886,1,9.88745758316585,248
Sydney,1886,2,9.2438776988236,224
Sydney,1886,3,8.03244883094763,248
Sydney,1886,4,8.44151231368178,240
Sydney,1886,5,9.68516210428954,248
Sydney,1886,6,7.88262054761913,240
Sydney,1886,7,7.81475090581397,248
Sydney,1886,8,10.2562360795717,248
Sydney,1886,9,9.43614553089801,240
Sydney,1886,10,11.4950531085304,248
Sydney,1886,11,8.47319271866436,240
Sydney,1886,12,10.6349945688579,248
Sydney,1887,1,10.1254959625297,248
Sydney,1887,2,10.0260499870189,224
Sydney,1887,3,8.63574298716168,248
Sydney,1887,4,7.14161736365837,240
Sydney,1887,5,7.73764831625027,248
Sydney,1887,6,11.9366083828809,240
Sydney,1887,7,11.2894703986598,248
Sydney,1887,8,8.26809268404204,248
Sydney,1887,9,12.0818564885443,240
Sydney,1887,10,10.2167951404504,248
Sydney,1887,11,11.1397767399839,240
Sydney,1887,12,11.1559831056665,248
Sydney,1888,1,10.6085798540722,248
Sydney,1888,2,8.54074095108711,232
Sydney,1888,3,8.57150714296496,248
Sydney,1888,4,7.30658199660763,240
Sydney,1888,5,6.92412033429803,248
Sydney,1888,6,10.4518949119553,240
Sydney,1888,7,9.78560846049845,248
Sydney,1888,8,8.2947916721198,248
Sydney,1888,9,8.13711421391503,240
Sydney,1888,10,9.81453594109275,248
Sydney,1888,11,9.40150049268081,240
Sydney,1888,12,9.7353945416594,248
Sydney,1889,1,10.5866798236276,248
Sydney,1889,2,9.40456422133487,224
Sydney,1889,3,8.28979535930214,248
Sydney,1889,4,6.90856974017118,240
Sydney,1889,5,8.61235291487622,248
Sydney,1889,6,13.4314576666145,240
Sydney,1889,7,9.80550414585904,248
Sydney,1889,8,10.1389579976961,248
Sydney,1889,9,8.10832981929245,240
Sydney,1889,10,9.88955980791809,248
Sydney,1889,11,9.14159825970694,240
Sydney,1889,12,11.1116492126927,248
Sydney,1890,1,10.3116925657683,248
Sydney,1890,2,8.64745076640312,224
Sydney,1890,3,7.73609600604607,248
Sydney,1890,4,6.57219530505492,240
Sydney,1890,5,6.75656821406714,248
Sydney,1890,6,9.89412110800397,240
Sydney,1890,7,11.267917489495,248
Sydney,1890,8,10.1336459324321,248
Sydney,1890,9,8.18219099521923,240
Sydney,1890,10,9.80855222561482,248
Sydney,1890,11,9.43791728503001,240
Sydney,1890,12,9.38218992296913,248
Sydney,1891,1,10.96677597451,248
Sydney,1891,2,8.64645022819141,224
Sydney,1891,3,7.0033616050765,248
Sydney,1891,4,6.63805460504016,240
Sydney,1891,5,6.77913276430322,248
Sydney,1891,6,12.1400171476614,240
Sydney,1891,7,12.4407372355862,248
Sydney,1891,8,8.93880455670386,248
Sydney,1891,9,7.93951926277019,240
Sydney,1891,10,8.56406277491217,248
Sydney,1891,11,9.30567677488282,240
Sydney,1891,12,9.92385844715477,248
Sydney,1892,1,9.80757668980299,248
Sydney,1892,2,8.75085588472152,232
Sydney,1892,3,6.52062375158422,248
Sydney,1892,4,7.20278355662986,240
Sydney,1892,5,7.66863733858751,248
Sydney,1892,6,9.26393860607679,240
Sydney,1892,7,8.62306522192546,248
Sydney,1892,8,9.73222365203554,248
Sydney,1892,9,8.75716708377393,240
Sydney,1892,10,7.77197709571099,248
Sydney,1892,11,8.27823864623699,240
Sydney,1892,12,10.2953819975722,248
Sydney,1893,1,9.77969487777007,248
Sydney,1893,2,10.0280143578596,224
Sydney,1893,3,7.64627511888556,248
Sydney,1893,4,5.8391102019223,240
Sydney,1893,5,7.70430279057508,248
Sydney,1893,6,11.8346269430445,240
Sydney,1893,7,11.7300575679409,248
Sydney,1893,8,8.97837361659172,248
Sydney,1893,9,10.0879268590038,240
Sydney,1893,10,9.2883803434995,248
Sydney,1893,11,9.00909739445087,240
Sydney,1893,12,11.4695872899796,248
Sydney,1894,1,10.7666795193912,248
Sydney,1894,2,9.73125658564475,224
Sydney,1894,3,8.69661820476595,248
Sydney,1894,4,6.39489482457753,240
Sydney,1894,5,7.34960476370179,248
Sydney,1894,6,9.07927764066085,240
Sydney,1894,7,11.7003329119756,248
Sydney,1894,8,9.90841007726431,248
Sydney,1894,9,8.57070543133371,240
Sydney,1894,10,8.3710827904523,248
Sydney,1894,11,10.1724649790127,240
Sydney,1894,12,10.0086071211577,248
Sydney,1895,1,10.6192268272245,248
Sydney,1895,2,8.1630706732141,224
Sydney,1895,3,7.33400090412016,248
Sydney,1895,4,7.0114647230181,240
Sydney,1895,5,7.5348884233322,248
Sydney,1895,6,10.5870541587092,240
Sydney,1895,7,10.5615349314908,248
Sydney,1895,8,9.37207865129707,248
Sydney,1895,9,10.8195503649442,240
Sydney,1895,10,9.55413449053029,248
Sydney,1895,11,9.99039490413497,240
Sydney,1895,12,10.5652808745404,248
Sydney,1896,1,11.267657291795,248
Sydney,1896,2,9.24571539784485,232
Sydney,1896,3,7.52767263768466,248
Sydney,1896,4,7.45673613411687,240
Sydney,1896,5,8.16294931722076,248
Sydney,1896,6,11.7589654554871,240
Sydney,1896,7,10.1668996009505,248
Sydney,1896,8,9.03239819143673,248
Sydney,1896,9,7.92851432039809,240
Sydney,1896,10,9.2123424856992,248
Sydney,1896,11,10.824619763857,240
Sydney,1896,12,9.48346555850342,248
Sydney,1897,1,10.7545338960064,248
Sydney,1897,2,9.71162267096417,224
Sydney,1897,3,8.8962829588448,248
Sydney,1897,4,7.93772051627847,240
Sydney,1897,5,8.50493902872582,248
Sydney,1897,6,8.02470148028972,240
Sydney,1897,7,9.25352849861861,248
Sydney,1897,8,10.14584027607,248
Sydney,1897,9,9.34246612382123,240
Sydney,1897,10,9.92502632662524,248
Sydney,1897,11,11.5611880905805,240
Sydney,1897,12,10.3540903746986,248
Sydney,1898,1,10.6098859144808,248
Sydney,1898,2,10.1826645376154,224
Sydney,1898,3,9.24908198565412,248
Sydney,1898,4,6.36205390302863,240
Sydney,1898,5,10.7538281390646,248
Sydney,1898,6,9.59555757009781,240
Sydney,1898,7,9.73725790797572,248
Sydney,1898,8,8.59170531945103,248
Sydney,1898,9,8.80772606589412,240
Sydney,1898,10,11.1597202562187,248
Sydney,1898,11,10.2353155045541,240
Sydney,1898,12,12.0841022836831,248
Sydney,1899,1,11.4173708784367,248
Sydney,1899,2,10.0122388600128,224
Sydney,1899,3,8.45986149846812,248
Sydney,1899,4,7.02362157812122,240
Sydney,1899,5,8.91210412218518,248
Sydney,1899,6,12.5715520131971,240
Sydney,1899,7,8.85820279055212,248
Sydney,1899,8,11.0074459147875,248
Sydney,1899,9,9.00817130672217,240
Sydney,1899,10,11.0820845762811,248
Sydney,1899,11,9.87427427364304,240
Sydney,1899,12,11.7846205221839,248
Sydney,1900,1,11.5911559299628,248
Sydney,1900,2,10.8935759222874,224
Sydney,1900,3,10.2223545959782,248
Sydney,1900,4,8.62597038942775,240
Sydney,1900,5,8.73630508593099,248
Sydney,1900,6,9.90223125290015,240
Sydney,1900,7,10.052246165817,248
Sydney,1900,8,8.62388356396051,248
Sydney,1900,9,8.90393846170785,240
Sydney,1900,10,10.4273404959041,248
Sydney,1900,11,10.7255058351741,240
Sydney,1900,12,11.3953078445966,248
Sydney,1901,1,11.3584491211366,248
Sydney,1901,2,9.50190327639312,224
Sydney,1901,3,8.64208075193787,248
Sydney,1901,4,8.71058969169176,240
Sydney,1901,5,7.09368119988103,248
Sydney,1901,6,11.6570282074485,240
Sydney,1901,7,11.5432175333446,248
Sydney,1901,8,9.17581699875992,248
Sydney,1901,9,10.4192311913985,240
Sydney,1901,10,11.7506457077273,248
Sydney,1901,11,11.6454241707937,240
Sydney,1901,12,11.5857222192786,248
Sydney,1902,1,11.1356736540304,248
Sydney,1902,2,10.4790650519106,224
Sydney,1902,3,9.51170042793855,248
Sydney,1902,4,7.67272225180931,240
Sydney,1902,5,6.19529727432114,248
Sydney,1902,6,8.56095801466577,240
Sydney,1902,7,8.21628446468757,248
Sydney,1902,8,7.59018376876716,248
Sydney,1902,9,8.51407512390193,240
Sydney,1902,10,10.3397851968997,248
Sydney,1902,11,11.1647088557999,240
Sydney,1902,12,10.4437841988048,248
Sydney,1903,1,11.0737904831429,248
Sydney,1903,2,9.57569607309843,224
Sydney,1903,3,8.78079018401176,248
Sydney,1903,4,7.17833311881185,240
Sydney,1903,5,8.40392355636807,248
Sydney,1903,6,11.1513969011003,240
Sydney,1903,7,10.1715720435228,248
Sydney,1903,8,8.36749158849634,248
Sydney,1903,9,10.1922592553967,240
Sydney,1903,10,8.80918829070894,248
Sydney,1903,11,9.82907102075155,240
Sydney,1903,12,9.3237360995992,248
Sydney,1904,1,9.97644642632264,248
Sydney,1904,2,9.28111363692079,232
Sydney,1904,3,8.53316994082813,248
Sydney,1904,4,7.64381416720376,240
Sydney,1904,5,7.66938773385494,248
Sydney,1904,6,10.7126227170551,240
Sydney,1904,7,10.1928279577059,248
Sydney,1904,8,8.32817204498799,248
Sydney,1904,9,9.03946832152917,240
Sydney,1904,10,7.9813769679183,248
Sydney,1904,11,9.68346175448881,240
Sydney,1904,12,10.3980356648895,248
Sydney,1905,1,9.83281938772663,248
Sydney,1905,2,8.97880622396259,224
Sydney,1905,3,6.8234399477756,248
Sydney,1905,4,6.80393642316681,240
Sydney,1905,5,9.77612276775437,248
Sydney,1905,6,9.87814058626326,240
Sydney,1905,7,11.0900754427832,248
Sydney,1905,8,8.77551862579966,248
Sydney,1905,9,9.83745167983169,240
Sydney,1905,10,9.25262395635311,248
Sydney,1905,11,10.3601361838631,240
Sydney,1905,12,10.1095031222792,248
Sydney,1906,1,9.40124234571067,248
Sydney,1906,2,8.77187693760046,224
Sydney,1906,3,8.55567848860473,248
Sydney,1906,4,7.12205732483869,240
Sydney,1906,5,8.18747906803471,248
Sydney,1906,6,9.73386637724879,240
Sydney,1906,7,11.4680769839111,248
Sydney,1906,8,9.31560263310066,248
Sydney,1906,9,8.0796126334775,240
Sydney,1906,10,9.53532720002359,248
Sydney,1906,11,11.3187581648762,240
Sydney,1906,12,9.74862673054989,248
Sydney,1907,1,9.26435514499341,248
Sydney,1907,2,9.14389440095381,224
Sydney,1907,3,7.75925592643779,248
Sydney,1907,4,7.51250191321927,240
Sydney,1907,5,6.8607879740177,248
Sydney,1907,6,9.888931667357,240
Sydney,1907,7,10.4147925183907,248
Sydney,1907,8,11.5332260511339,248
Sydney,1907,9,10.3274283173193,240
Sydney,1907,10,10.5064371793785,248
Sydney,1907,11,10.5156656476411,240
Sydney,1907,12,10.3722396528822,248
Sydney,1908,1,9.89605452698383,248
Sydney,1908,2,9.44664382058479,232
Sydney,1908,3,7.66785343852284,248
Sydney,1908,4,7.07607130685504,240
Sydney,1908,5,9.89786192319908,248
Sydney,1908,6,10.5041059634739,240
Sydney,1908,7,8.91657669986963,248
Sydney,1908,8,10.0360347230765,248
Sydney,1908,9,11.8262582406535,240
Sydney,1908,10,9.50373498135507,248
Sydney,1908,11,9.80355183189992,240
Sydney,1908,12,9.93031451780678,248
Sydney,1909,1,11.0778996910418,248
Sydney,1909,2,9.5163945058834,224
Sydney,1909,3,7.89447695090862,248
Sydney,1909,4,8.81945207367165,240
Sydney,1909,5,8.66211472896639,248
Sydney,1909,6,11.5241463293365,240
Sydney,1909,7,11.3329428152367,248
Sydney,1909,8,10.5478486978471,248
Sydney,1909,9,10.9220338729893,240
Sydney,1909,10,9.59634725819579,248
Sydney,1909,11,10.1658768060401,240
Sydney,1909,12,12.4797382465804,248
Sydney,1910,1,10.9946013492781,248
Sydney,1910,2,10.0393376438402,224
Sydney,1910,3,10.5392341964046,248
Sydney,1910,4,6.40497066240088,240
Sydney,1910,5,8.11830431441581,248
Sydney,1910,6,10.5615058074688,240
Sydney,1910,7,11.0042719338708,248
Sydney,1910,8,8.85385675402337,248
Sydney,1910,9,7.70475372591086,240
Sydney,1910,10,10.1595617484449,248
Sydney,1910,11,11.338979908555,240
Sydney,1910,12,9.15101907196637,248
Sydney,1911,1,11.6071436450562,248
Sydney,1911,2,9.48647426708131,224
Sydney,1911,3,9.18073318105854,248
Sydney,1911,4,9.38104816791331,240
Sydney,1911,5,8.48290226819382,248
Sydney,1911,6,11.2859357460482,240
Sydney,1911,7,10.3117155222861,248
Sydney,1911,8,7.42224996485495,248
Sydney,1911,9,8.65999696971189,240
Sydney,1911,10,9.62863699199841,248
Sydney,1911,11,9.75040413060944,240
Sydney,1911,12,10.8895929523879,248
Sydney,1912,1,11.8108040693842,248
Sydney,1912,2,9.52836683805598,232
Sydney,1912,3,8.17537486225213,248
Sydney,1912,4,8.17568002886642,240
Sydney,1912,5,7.84912235149518,248
Sydney,1912,6,9.60123504749358,240
Sydney,1912,7,10.8634798123662,248
Sydney,1912,8,9.13077679675432,248
Sydney,1912,9,12.778775516594,240
Sydney,1912,10,10.6452815365351,248
Sydney,1912,11,10.09322482623,240
Sydney,1912,12,10.4413970361397,248
Sydney,1913,1,12.5871839666531,248
Sydney,1913,2,9.90128845608459,224
Sydney,1913,3,9.43960124888206,248
Sydney,1913,4,9.38200612057783,240
Sydney,1913,5,9.86389878271001,248
Sydney,1913,6,9.43701195781973,240
Sydney,1913,7,9.58178044110183,248
Sydney,1913,8,12.0038640405872,248
Sydney,1913,9,9.51726187137367,240
Sydney,1913,10,9.72990745697926,248
Sydney,1913,11,11.3647413196555,240
Sydney,1913,12,12.6664215812622,248
Sydney,1914,1,11.3712716260159,248
Sydney,1914,2,9.52424759903223,224
Sydney,1914,3,8.68796618070507,248
Sydney,1914,4,8.11149002043706,240
Sydney,1914,5,7.9255753418052,248
Sydney,1914,6,7.8544214575403,240
Sydney,1914,7,10.0255477970062,248
Sydney,1914,8,7.26845835214497,248
Sydney,1914,9,8.07136592051727,240
Sydney,1914,10,9.62478370063899,248
Sydney,1914,11,9.64805174154537,240
Sydney,1914,12,9.51295833553456,248
Sydney,1915,1,9.21391898600337,248
Sydney,1915,2,9.67917791660896,224
Sydney,1915,3,9.50733061668116,248
Sydney,1915,4,7.46023735033383,240
Sydney,1915,5,10.0270641668179,248
Sydney,1915,6,11.0266040775716,240
Sydney,1915,7,7.71061972757118,248
Sydney,1915,8,13.1046171482562,248
Sydney,1915,9,10.8355060164924,240
Sydney,1915,10,10.2932339395559,248
Sydney,1915,11,9.95314992368709,240
Sydney,1915,12,10.8717955721408,248
Sydney,1916,1,10.7315041041591,248
Sydney,1916,2,9.69925810833316,232
Sydney,1916,3,8.50269606731247,248
Sydney,1916,4,9.1517233481974,240
Sydney,1916,5,9.62294610028516,248
Sydney,1916,6,9.87772468017631,240
Sydney,1916,7,9.65056526431157,248
Sydney,1916,8,10.9198839966648,248
Sydney,1916,9,8.4675224050323,240
Sydney,1916,10,9.75003355932501,248
Sydney,1916,11,11.1955664949844,240
Sydney,1916,12,10.3096462570863,248
Sydney,1917,1,10.7979572401961,248
Sydney,1917,2,9.36472321588388,224
Sydney,1917,3,8.68404225232479,248
Sydney,1917,4,8.63629453032231,240
Sydney,1917,5,9.08353966986432,248
Sydney,1917,6,9.76941211595071,240
Sydney,1917,7,11.1352798753272,248
Sydney,1917,8,10.4433392736184,248
Sydney,1917,9,10.6672446481117,240
Sydney,1917,10,10.992591702162,248
Sydney,1917,11,9.4956144407966,240
Sydney,1917,12,10.4709698477731,248
Sydney,1918,1,10.6005644495623,248
Sydney,1918,2,10.037351599184,224
Sydney,1918,3,10.3489540941596,248
Sydney,1918,4,8.07044408707458,240
Sydney,1918,5,8.47823956780372,248
Sydney,1918,6,9.27660960695976,240
Sydney,1918,7,9.96012822138457,248
Sydney,1918,8,10.3327830319729,248
Sydney,1918,9,10.0860619034077,240
Sydney,1918,10,9.96452311779225,248
Sydney,1918,11,10.7939495233825,240
Sydney,1918,12,11.0303180181436,248
Sydney,1919,1,12.0279900047461,248
Sydney,1919,2,8.45622873781219,224
Sydney,1919,3,8.38662005683936,248
Sydney,1919,4,7.51415563297376,240
Sydney,1919,5,8.97031769383898,248
Sydney,1919,6,9.05778045686228,240
Sydney,1919,7,10.722956731408,248
Sydney,1919,8,9.15966298567113,248
Sydney,1919,9,9.38396199135024,240
Sydney,1919,10,9.83600617478432,248
Sydney,1919,11,10.5238181285757,240
Sydney,1919,12,9.76132211386077,248
Sydney,1920,1,9.61617567515825,248
Sydney,1920,2,9.38910956004535,232
Sydney,1920,3,9.0199300850452,248
Sydney,1920,4,7.93008228084691,240
Sydney,1920,5,7.95341200892589,248
Sydney,1920,6,12.3351444386701,240
Sydney,1920,7,9.57542568022629,248
Sydney,1920,8,12.7004964865799,248
Sydney,1920,9,9.91660160906678,240
Sydney,1920,10,8.87032379123056,248
Sydney,1920,11,10.1176890223854,240
Sydney,1920,12,10.1456432132598,248
Sydney,1921,1,10.6138622074844,248
Sydney,1921,2,9.63439038852796,224
Sydney,1921,3,9.34529531191261,248
Sydney,1921,4,6.8683048615157,240
Sydney,1921,5,8.39612560925506,248
Sydney,1921,6,6.26295472909282,240
Sydney,1921,7,11.070294763085,248
Sydney,1921,8,10.7582478480977,248
Sydney,1921,9,9.18716220536317,240
Sydney,1921,10,9.79772821211427,248
Sydney,1921,11,8.68176714484474,240
Sydney,1921,12,9.49613031826796,248
Sydney,1922,1,10.4669097860596,248
Sydney,1922,2,9.97174047188281,224
Sydney,1922,3,8.41209271065896,248
Sydney,1922,4,8.34053360258625,240
Sydney,1922,5,10.1348725022992,248
Sydney,1922,6,9.07893891266809,240
Sydney,1922,7,11.0768426095098,248
Sydney,1922,8,12.0024635168013,248
Sydney,1922,9,9.44298592036869,240
Sydney,1922,10,10.3621132365278,248
Sydney,1922,11,10.8911542672516,240
Sydney,1922,12,10.154039694352,248
Sydney,1923,1,12.0044788378808,248
Sydney,1923,2,11.2243900771613,224
Sydney,1923,3,9.48170965355345,248
Sydney,1923,4,8.87744314459722,240
Sydney,1923,5,11.7075435478503,248
Sydney,1923,6,13.7390902935738,240
Sydney,1923,7,14.0417012142516,248
Sydney,1923,8,11.2462754172176,248
Sydney,1923,9,12.9081569968849,240
Sydney,1923,10,11.7911512724327,248
Sydney,1923,11,11.9817612784336,240
Sydney,1923,12,11.1187322783887,248
Sydney,1924,1,10.8866522551852,248
Sydney,1924,2,9.36629036321595,232
Sydney,1924,3,8.22868457376885,248
Sydney,1924,4,7.88970051480977,240
Sydney,1924,5,8.28455216534462,248
Sydney,1924,6,10.4278276571759,240
Sydney,1924,7,7.68816404265181,248
Sydney,1924,8,8.95978583194319,248
Sydney,1924,9,9.89840038705168,240
Sydney,1924,10,11.5064283973679,248
Sydney,1924,11,10.8532159612299,240
Sydney,1924,12,12.4112272845314,248
Sydney,1925,1,10.777822970999,248
Sydney,1925,2,10.4404869289615,224
Sydney,1925,3,9.1674132009456,248
Sydney,1925,4,8.43405783439456,240
Sydney,1925,5,11.3334874877822,248
Sydney,1925,6,11.2573995867453,240
Sydney,1925,7,12.4406611940923,248
Sydney,1925,8,10.2952363591285,248
Sydney,1925,9,10.6373116096746,240
Sydney,1925,10,10.8247158836762,248
Sydney,1925,11,10.1475063183878,240
Sydney,1925,12,10.9062221631466,248
Sydney,1926,1,10.8244271517894,248
Sydney,1926,2,12.9354959136646,224
Sydney,1926,3,9.84310047490387,248
Sydney,1926,4,9.40899270761427,240
Sydney,1926,5,13.4769089391396,248
Sydney,1926,6,10.0008830726246,240
Sydney,1926,7,11.1871417525362,248
Sydney,1926,8,11.1944286711878,248
Sydney,1926,9,9.23888215140806,240
Sydney,1926,10,11.9628376563868,248
Sydney,1926,11,11.5111258404388,240
Sydney,1926,12,11.9252438098308,248
Sydney,1927,1,10.4704077200179,248
Sydney,1927,2,10.3894555663445,224
Sydney,1927,3,9.32928086857439,248
Sydney,1927,4,7.57031663780505,240
Sydney,1927,5,9.68540186870424,248
Sydney,1927,6,8.1123163050411,240
Sydney,1927,7,11.678438444458,248
Sydney,1927,8,11.3782966590882,248
Sydney,1927,9,10.0075550788565,240
Sydney,1927,10,11.2395952207754,248
Sydney,1927,11,11.0785524301395,240
Sydney,1927,12,9.9654121772893,248
Sydney,1928,1,9.81232822868313,248
Sydney,1928,2,9.20988924869636,232
Sydney,1928,3,7.79402769680249,248
Sydney,1928,4,9.93615767321349,240
Sydney,1928,5,9.9334714024412,248
Sydney,1928,6,11.6595543238791,240
Sydney,1928,7,10.6775340064136,248
Sydney,1928,8,7.13392277734282,248
Sydney,1928,9,11.6708305330954,240
Sydney,1928,10,12.7298872627996,248
Sydney,1928,11,12.3862108328406,240
Sydney,1928,12,11.2511455588632,248
Sydney,1929,1,11.6867052122821,248
Sydney,1929,2,9.10588693716466,224
Sydney,1929,3,9.59065974283451,248
Sydney,1929,4,9.83621957143049,240
Sydney,1929,5,10.0262876831516,248
Sydney,1929,6,11.7998039937199,240
Sydney,1929,7,10.963015542727,248
Sydney,1929,8,10.1377611309278,248
Sydney,1929,9,9.53044630476356,240
Sydney,1929,10,10.7112378959927,248
Sydney,1929,11,9.96670258478107,240
Sydney,1929,12,10.7759845609807,248
Sydney,1930,1,11.4567254110316,248
Sydney,1930,2,10.0295818238165,224
Sydney,1930,3,7.04678658053866,248
Sydney,1930,4,7.18866613510548,240
Sydney,1930,5,7.43691030887737,248
Sydney,1930,6,10.4313993132631,240
Sydney,1930,7,9.31418245262942,248
Sydney,1930,8,10.6401838855863,248
Sydney,1930,9,8.87036722434816,240
Sydney,1930,10,9.68122658151331,248
Sydney,1930,11,10.4728353280799,240
Sydney,1930,12,9.98781261707058,248
Sydney,1931,1,10.3879148090825,248
Sydney,1931,2,11.1230643761356,224
Sydney,1931,3,8.08637490581081,248
Sydney,1931,4,8.68137168604792,240
Sydney,1931,5,8.03138456009609,248
Sydney,1931,6,10.1312795639092,240
Sydney,1931,7,11.5691455378704,248
Sydney,1931,8,10.6453568292088,248
Sydney,1931,9,10.5053036332409,240
Sydney,1931,10,10.2528964323084,248
Sydney,1931,11,9.69787902257813,240
Sydney,1931,12,10.2551256855106,248
Sydney,1932,1,11.3130245252485,248
Sydney,1932,2,9.89950837549379,232
Sydney,1932,3,8.54423198176892,248
Sydney,1932,4,9.23353486944578,240
Sydney,1932,5,8.4491684062778,248
Sydney,1932,6,12.4052542883519,240
Sydney,1932,7,9.84346990734305,248
Sydney,1932,8,11.1605616159347,248
Sydney,1932,9,8.89707749179225,240
Sydney,1932,10,9.70368940195248,248
Sydney,1932,11,8.81347919021463,240
Sydney,1932,12,11.5358702066076,248
Sydney,1933,1,11.3463338091079,248
Sydney,1933,2,10.2072573512212,224
Sydney,1933,3,9.54681360437689,248
Sydney,1933,4,7.66301316758224,240
Sydney,1933,5,10.5473979619905,248
Sydney,1933,6,8.38424705626583,240
Sydney,1933,7,10.5716981610582,248
Sydney,1933,8,8.29374500426322,248
Sydney,1933,9,10.0583017447941,240
Sydney,1933,10,9.9435479030457,248
Sydney,1933,11,10.4239670304633,240
Sydney,1933,12,9.89432206731572,248
Sydney,1934,1,10.7765513373297,248
Sydney,1934,2,9.70595823822545,224
Sydney,1934,3,9.13773040050256,248
Sydney,1934,4,8.43427091757945,240
Sydney,1934,5,7.66287091812673,248
Sydney,1934,6,8.89491046525644,240
Sydney,1934,7,10.084592655426,248
Sydney,1934,8,11.3190558463731,248
Sydney,1934,9,10.6505971966311,240
Sydney,1934,10,10.6830238764716,248
Sydney,1934,11,10.7661481838221,240
Sydney,1934,12,11.8672603604591,248
Sydney,1935,1,10.93289766144,248
Sydney,1935,2,10.7968691869819,224
Sydney,1935,3,9.14318406002573,248
Sydney,1935,4,8.99958858026535,240
Sydney,1935,5,8.79745926885375,248
Sydney,1935,6,10.7822391111589,240
Sydney,1935,7,10.1657065265624,248
Sydney,1935,8,10.9335656401146,248
Sydney,1935,9,9.53834506102064,240
Sydney,1935,10,10.2247337381706,248
Sydney,1935,11,11.8610211836422,240
Sydney,1935,12,11.8825015214587,248
Sydney,1936,1,11.2857441281582,248
Sydney,1936,2,9.56428856550216,232
Sydney,1936,3,9.3039759837255,248
Sydney,1936,4,10.751698486711,240
Sydney,1936,5,9.09419092591606,248
Sydney,1936,6,9.881910586139,240
Sydney,1936,7,9.56769678688185,248
Sydney,1936,8,11.545710378732,248
Sydney,1936,9,9.61199130131148,240
Sydney,1936,10,9.55972975712468,248
Sydney,1936,11,11.3860320127718,240
Sydney,1936,12,10.4286172668949,248
Sydney,1937,1,11.7642177479572,248
Sydney,1937,2,11.4263868077555,224
Sydney,1937,3,8.94804142898592,248
Sydney,1937,4,8.6674916567371,240
Sydney,1937,5,8.94564156727251,248
Sydney,1937,6,10.5716010508236,240
Sydney,1937,7,8.34030042194372,248
Sydney,1937,8,9.11675840280152,248
Sydney,1937,9,11.2696183423115,240
Sydney,1937,10,10.5304009398492,248
Sydney,1937,11,9.90511610243949,240
Sydney,1937,12,11.2817310552371,248
Sydney,1938,1,12.0064059772835,248
Sydney,1938,2,9.00542641499084,224
Sydney,1938,3,8.9536484309279,248
Sydney,1938,4,10.8311959279311,240
Sydney,1938,5,7.03664383392305,248
Sydney,1938,6,10.3998218382184,240
Sydney,1938,7,10.5539214799198,248
Sydney,1938,8,10.2187422731806,248
Sydney,1938,9,9.00806014635416,240
Sydney,1938,10,10.3444713469803,248
Sydney,1938,11,9.34180619340963,240
Sydney,1938,12,12.3226194131902,248
Sydney,1939,1,10.7144868006557,248
Sydney,1939,2,11.2665715886205,224
Sydney,1939,3,8.91627253848538,248
Sydney,1939,4,7.0343211537942,240
Sydney,1939,5,6.39905771605786,248
Sydney,1939,6,9.96289640423843,240
Sydney,1939,7,9.81390047034265,248
Sydney,1939,8,14.2710971384924,248
Sydney,1939,9,10.3473367195778,240
Sydney,1939,10,9.81997687458084,248
Sydney,1939,11,9.70343346766122,240
Sydney,1939,12,11.7637562474439,248
Sydney,1940,1,9.21273151907633,248
Sydney,1940,2,10.3253033746093,232
Sydney,1940,3,8.99986904561579,248
Sydney,1940,4,9.0220763919499,240
Sydney,1940,5,9.07642047206972,248
Sydney,1940,6,8.3049964587645,240
Sydney,1940,7,8.21692753736301,248
Sydney,1940,8,7.60289931431616,248
Sydney,1940,9,8.46813194269085,240
Sydney,1940,10,10.2225154538226,248
Sydney,1940,11,10.1131752128231,240
Sydney,1940,12,10.9391117558568,248
Sydney,1941,1,9.21919754899477,248
Sydney,1941,2,10.2955534603179,224
Sydney,1941,3,7.80595720158721,248
Sydney,1941,4,7.02335630937354,240
Sydney,1941,5,6.84480152934978,248
Sydney,1941,6,10.1615170255854,240
Sydney,1941,7,9.39875787380463,248
Sydney,1941,8,9.80780062119495,248
Sydney,1941,9,9.78499810108925,240
Sydney,1941,10,9.52145305056432,248
Sydney,1941,11,9.39589066745919,240
Sydney,1941,12,9.88293648485372,248
Sydney,1942,1,10.2121798139533,248
Sydney,1942,2,8.22252745983458,224
Sydney,1942,3,7.44895767917676,248
Sydney,1942,4,6.76981614032326,240
Sydney,1942,5,9.63105775094862,248
Sydney,1942,6,8.39624421909596,240
Sydney,1942,7,9.47550374861886,248
Sydney,1942,8,11.033198385072,248
Sydney,1942,9,11.1534218434136,240
Sydney,1942,10,11.8759066475718,248
Sydney,1942,11,10.5890744987407,240
Sydney,1942,12,10.1455099961994,248
Sydney,1943,1,10.0409668348801,248
Sydney,1943,2,10.1765539745265,224
Sydney,1943,3,8.63410515647517,248
Sydney,1943,4,9.80638712582919,240
Sydney,1943,5,10.4361290551299,248
Sydney,1943,6,9.93948340492847,240
Sydney,1943,7,9.21981402021579,248
Sydney,1943,8,10.1197675387327,248
Sydney,1943,9,9.78397010488474,240
Sydney,1943,10,10.5282756240453,248
Sydney,1943,11,10.3499771596497,240
Sydney,1943,12,9.84560048702115,248
Sydney,1944,1,9.8963076759015,248
Sydney,1944,2,9.1805861461289,232
Sydney,1944,3,8.07803648059931,248
Sydney,1944,4,10.1375159481193,240
Sydney,1944,5,10.4009097499658,248
Sydney,1944,6,7.93715464054235,240
Sydney,1944,7,9.09408745314504,248
Sydney,1944,8,9.23963198909096,248
Sydney,1944,9,8.093362401545,240
Sydney,1944,10,10.4630143595157,248
Sydney,1944,11,11.0139728173441,240
Sydney,1944,12,11.1789153030337,248
Sydney,1945,1,10.6276363768893,248
Sydney,1945,2,8.39779676315238,224
Sydney,1945,3,8.44251679778248,248
Sydney,1945,4,7.41331102383937,240
Sydney,1945,5,8.27137225572899,248
Sydney,1945,6,12.2904786342249,240
Sydney,1945,7,9.43568163059751,248
Sydney,1945,8,11.8492085201029,248
Sydney,1945,9,10.6251099832823,240
Sydney,1945,10,10.4142009367986,248
Sydney,1945,11,11.616755987547,240
Sydney,1945,12,11.0009624394416,248
Sydney,1946,1,12.6442758558589,248
Sydney,1946,2,11.634547337325,224
Sydney,1946,3,9.73224387491056,248
Sydney,1946,4,12.3949273235346,240
Sydney,1946,5,10.4224316326864,248
Sydney,1946,6,14.3918962177086,240
Sydney,1946,7,11.8871153130568,248
Sydney,1946,8,9.7301850394976,248
Sydney,1946,9,10.0241964448563,240
Sydney,1946,10,10.7069867232434,248
Sydney,1946,11,10.4356647280279,240
Sydney,1946,12,10.8714578611241,248
Sydney,1947,1,10.5815146624265,248
Sydney,1947,2,9.14795700498244,224
Sydney,1947,3,8.01956200937162,248
Sydney,1947,4,7.55189051065354,240
Sydney,1947,5,7.23247990910107,248
Sydney,1947,6,10.8243999246907,240
Sydney,1947,7,11.317400570488,248
Sydney,1947,8,10.7276611579519,248
Sydney,1947,9,9.82881296376105,240
Sydney,1947,10,10.0153481201827,248
Sydney,1947,11,10.5918823372174,240
Sydney,1947,12,9.58960240023917,248
Sydney,1948,1,11.0265380299912,248
Sydney,1948,2,10.2268618863687,232
Sydney,1948,3,9.19278863757466,248
Sydney,1948,4,10.110529420692,240
Sydney,1948,5,11.2745661411678,248
Sydney,1948,6,10.5056562827491,240
Sydney,1948,7,9.70029984023715,248
Sydney,1948,8,9.7649225312442,248
Sydney,1948,9,9.87934533363492,240
Sydney,1948,10,12.0985758095068,248
Sydney,1948,11,12.1762575802627,240
Sydney,1948,12,12.7558202668352,248
Sydney,1949,1,11.4028882346444,248
Sydney,1949,2,10.2346703771451,224
Sydney,1949,3,9.4572373313406,248
Sydney,1949,4,9.05021766545946,240
Sydney,1949,5,8.08554598713927,248
Sydney,1949,6,10.5789572017749,240
Sydney,1949,7,10.8688334220885,248
Sydney,1949,8,8.63257150885295,248
Sydney,1949,9,9.1001904127277,240
Sydney,1949,10,11.6644567727092,248
Sydney,1949,11,11.3802552968251,240
Sydney,1949,12,11.7725273815688,248
Sydney,1950,1,12.4544838985141,248
Sydney,1950,2,10.0362464054406,224
Sydney,1950,3,9.47490495698524,248
Sydney,1950,4,8.69646442519325,240
Sydney,1950,5,9.69079718898848,248
Sydney,1950,6,13.0192703122232,240
Sydney,1950,7,8.91482738859969,248
Sydney,1950,8,9.48312814349965,248
Sydney,1950,9,8.18391229179578,240
Sydney,1950,10,9.92342757786271,248
Sydney,1950,11,9.82363259785903,240
Sydney,1950,12,12.1175647759911,248
Sydney,1951,1,8.76804740758747,248
Sydney,1951,2,9.33116683613996,224
Sydney,1951,3,8.8999782454982,248
Sydney,1951,4,9.59721160887646,240
Sydney,1951,5,9.3125337504533,248
Sydney,1951,6,10.506774282833,240
Sydney,1951,7,10.9975373404773,248
Sydney,1951,8,13.1952630716977,248
Sydney,1951,9,9.56337744020346,240
Sydney,1951,10,11.9708119421593,248
Sydney,1951,11,12.3892968771012,240
Sydney,1951,12,10.9655144309155,248
Sydney,1952,1,11.583879909108,248
Sydney,1952,2,10.2561574614248,232
Sydney,1952,3,8.25139287772148,248
Sydney,1952,4,9.8102310159234,240
Sydney,1952,5,11.4567253674559,248
Sydney,1952,6,14.2034978045518,240
Sydney,1952,7,10.29115156069,248
Sydney,1952,8,10.3741153792189,248
Sydney,1952,9,11.0801311142665,240
Sydney,1952,10,10.5216074652212,248
Sydney,1952,11,11.0098532923499,240
Sydney,1952,12,11.2546010888426,248
Sydney,1953,1,9.83690481916322,248
Sydney,1953,2,9.33759036589131,224
Sydney,1953,3,9.34143347862982,248
Sydney,1953,4,7.5123455609366,240
Sydney,1953,5,10.8133188752006,248
Sydney,1953,6,11.0348756082936,240
Sydney,1953,7,10.5709143464126,248
Sydney,1953,8,10.5471331373942,248
Sydney,1953,9,10.3856941499161,240
Sydney,1953,10,10.0315549063395,248
Sydney,1953,11,10.5958493240466,240
Sydney,1953,12,10.8066498848957,248
Sydney,1954,1,10.6633863850609,248
Sydney,1954,2,10.2972487905145,224
Sydney,1954,3,9.47128421833646,248
Sydney,1954,4,7.40676622885226,240
Sydney,1954,5,8.55188113831667,248
Sydney,1954,6,9.92459431302182,240
Sydney,1954,7,10.4460785203148,248
Sydney,1954,8,9.44757761623925,248
Sydney,1954,9,9.71449645506414,240
Sydney,1954,10,10.542048117363,248
Sydney,1954,11,9.72285895073454,240
Sydney,1954,12,11.1965793414971,248
Sydney,1955,1,11.0139942914171,248
Sydney,1955,2,9.12321552426827,224
Sydney,1955,3,9.5464394231631,248
Sydney,1955,4,9.9624333664136,240
Sydney,1955,5,11.3070038421165,248
Sydney,1955,6,10.1748739306977,240
Sydney,1955,7,10.2149587332838,248
Sydney,1955,8,11.3255543505673,248
Sydney,1955,9,8.28994280822611,240
Sydney,1955,10,10.6992497520924,248
Sydney,1955,11,10.9511196760029,240
Sydney,1955,12,10.8924876168133,248
Sydney,1956,1,11.8619531431118,248
Sydney,1956,2,10.3657663873605,232
Sydney,1956,3,9.52578280647281,248
Sydney,1956,4,9.52393052007829,240
Sydney,1956,5,12.4011238290662,248
Sydney,1956,6,14.4585694551884,240
Sydney,1956,7,10.1572950973946,248
Sydney,1956,8,12.1119143381508,248
Sydney,1956,9,9.18380527182982,240
Sydney,1956,10,9.85497041068866,248
Sydney,1956,11,9.74184188888892,240
Sydney,1956,12,10.7034291622097,248
Sydney,1957,1,11.8384838828947,248
Sydney,1957,2,12.3373928028338,224
Sydney,1957,3,9.48993926967983,248
Sydney,1957,4,9.81664784336467,240
Sydney,1957,5,8.61372390854038,248
Sydney,1957,6,8.03328375899496,240
Sydney,1957,7,10.2141184925064,248
Sydney,1957,8,10.2407928951681,248
Sydney,1957,9,10.285095450703,240
Sydney,1957,10,11.5076843105473,248
Sydney,1957,11,11.2979813205211,240
Sydney,1957,12,12.1846681017245,248
Sydney,1958,1,12.1262497000163,248
Sydney,1958,2,9.1867365595501,224
Sydney,1958,3,8.70507005747965,248
Sydney,1958,4,8.82174777086614,240
Sydney,1958,5,9.75627681162246,248
Sydney,1958,6,11.1223771153642,240
Sydney,1958,7,11.0328780339752,248
Sydney,1958,8,11.9529866599534,248
Sydney,1958,9,11.3929266189851,240
Sydney,1958,10,12.1694271267308,248
Sydney,1958,11,11.5397621270964,240
Sydney,1958,12,10.9136479689946,248
Sydney,1959,1,11.8514813527383,248
Sydney,1959,2,10.1787365622554,224
Sydney,1959,3,9.29999602507604,248
Sydney,1959,4,8.50185132570874,240
Sydney,1959,5,7.82993041921625,248
Sydney,1959,6,8.66899756913651,240
Sydney,1959,7,11.0022889494924,248
Sydney,1959,8,10.765827095114,248
Sydney,1959,9,9.60237279446163,240
Sydney,1959,10,10.8676687401577,248
Sydney,1959,11,10.8431073969113,240
Sydney,1959,12,10.8110232841045,248
Sydney,1960,1,11.2442429124273,248
Sydney,1960,2,11.1581615750486,232
Sydney,1960,3,8.92388854468549,248
Sydney,1960,4,9.11642019814105,240
Sydney,1960,5,13.8395151007638,248
Sydney,1960,6,11.2186492145719,240
Sydney,1960,7,11.9801006754821,248
Sydney,1960,8,10.2975515058206,248
Sydney,1960,9,11.8796568810674,240
Sydney,1960,10,10.1413665530353,248
Sydney,1960,11,12.1376694663208,240
Sydney,1960,12,11.9792154163324,248
Sydney,1961,1,11.8466873400942,248
Sydney,1961,2,9.99445628820489,224
Sydney,1961,3,8.75319179015346,248
Sydney,1961,4,9.11136835957333,240
Sydney,1961,5,8.55183717983023,248
Sydney,1961,6,11.7092434211696,240
Sydney,1961,7,12.0221739520107,248
Sydney,1961,8,10.7016203806183,248
Sydney,1961,9,11.1619844947149,240
Sydney,1961,10,10.6106604362218,248
Sydney,1961,11,11.24188586993,240
Sydney,1961,12,11.2489694704687,248
Sydney,1962,1,9.84354888106113,248
Sydney,1962,2,10.2881305252715,224
Sydney,1962,3,8.82547773972567,248
Sydney,1962,4,10.0348388095721,240
Sydney,1962,5,10.8380805633016,248
Sydney,1962,6,8.51979905213328,240
Sydney,1962,7,9.76996702515561,248
Sydney,1962,8,12.4017527643234,248
Sydney,1962,9,10.7664094032306,240
Sydney,1962,10,11.5651447337286,248
Sydney,1962,11,10.6409401999727,240
Sydney,1962,12,11.1463568092613,248
Sydney,1963,1,10.6609818356984,248
Sydney,1963,2,9.82620582102446,224
Sydney,1963,3,9.66413711794338,248
Sydney,1963,4,7.55560906143407,240
Sydney,1963,5,8.72664723765732,248
Sydney,1963,6,9.75915301308218,240
Sydney,1963,7,14.0971856427252,248
Sydney,1963,8,10.0676500816506,248
Sydney,1963,9,11.6538075778382,240
Sydney,1963,10,9.45016565949111,248
Sydney,1963,11,10.9177267628493,240
Sydney,1963,12,10.5321053684416,248
Sydney,1964,1,10.794010950118,248
Sydney,1964,2,9.87059694059468,232
Sydney,1964,3,10.7389227514751,248
Sydney,1964,4,8.08491434791892,240
Sydney,1964,5,8.22042091511941,248
Sydney,1964,6,10.713193681904,240
Sydney,1964,7,13.7463070776703,248
Sydney,1964,8,10.9624806491462,248
Sydney,1964,9,11.0901415361075,240
Sydney,1964,10,11.6376489738073,248
Sydney,1964,11,10.503812730744,240
Sydney,1964,12,10.6430567034794,248
Sydney,1965,1,10.9516253166719,248
Sydney,1965,2,10.8752198828441,224
Sydney,1965,3,9.31871411160451,248
Sydney,1965,4,8.2788992903241,240
Sydney,1965,5,7.88168600427418,248
Sydney,1965,6,8.52446468885999,240
Sydney,1965,7,11.6682725560698,248
Sydney,1965,8,8.92595666166504,248
Sydney,1965,9,9.15116940974544,240
Sydney,1965,10,10.0659142676739,248
Sydney,1965,11,12.8995793784384,240
Sydney,1965,12,10.0563808432966,248
Sydney,1966,1,11.3151565098146,248
Sydney,1966,2,9.98588538669487,224
Sydney,1966,3,9.84808205578923,248
Sydney,1966,4,9.78260493830616,240
Sydney,1966,5,9.37109252178767,248
Sydney,1966,6,9.02812121058547,240
Sydney,1966,7,11.421918391777,248
Sydney,1966,8,10.1297835752612,248
Sydney,1966,9,10.8179466268379,240
Sydney,1966,10,10.1439348496013,248
Sydney,1966,11,10.6349629361676,240
Sydney,1966,12,11.5330795246349,248
Sydney,1967,1,12.5669758230483,248
Sydney,1967,2,10.9740264728677,224
Sydney,1967,3,10.398643654008,248
Sydney,1967,4,9.25688090408974,240
Sydney,1967,5,7.84824053385621,248
Sydney,1967,6,12.3789932788148,240
Sydney,1967,7,9.95618653941097,248
Sydney,1967,8,11.935303298367,248
Sydney,1967,9,11.5961701532055,240
Sydney,1967,10,10.7422557247113,248
Sydney,1967,11,11.6346836516827,240
Sydney,1967,12,12.6031743994434,248
Sydney,1968,1,10.2369979373811,248
Sydney,1968,2,10.3449848528302,232
Sydney,1968,3,9.16872203823874,248
Sydney,1968,4,7.60225168601303,240
Sydney,1968,5,13.1669633913021,248
Sydney,1968,6,11.5352427987312,240
Sydney,1968,7,10.2416438986094,248
Sydney,1968,8,13.1359400381677,248
Sydney,1968,9,10.1638359320726,240
Sydney,1968,10,11.3170426801674,248
Sydney,1968,11,11.5143961767508,240
Sydney,1968,12,10.1133402781955,248
Sydney,1969,1,11.5676555514321,248
Sydney,1969,2,11.1792536911186,224
Sydney,1969,3,10.0809301178319,248
Sydney,1969,4,8.98255987920014,240
Sydney,1969,5,10.1523434539513,248
Sydney,1969,6,10.4502389303306,240
Sydney,1969,7,7.88160502403197,248
Sydney,1969,8,10.4499457914281,248
Sydney,1969,9,11.852901199021,240
Sydney,1969,10,9.41959125798423,248
Sydney,1969,11,9.36116134165773,240
Sydney,1969,12,11.548248907404,248
Sydney,1970,1,11.1072554802613,248
Sydney,1970,2,9.85743241393553,224
Sydney,1970,3,9.75503845007225,248
Sydney,1970,4,8.64472077485218,240
Sydney,1970,5,10.3380297678495,248
Sydney,1970,6,10.1402963255514,240
Sydney,1970,7,9.14130544668547,248
Sydney,1970,8,11.6125583886171,248
Sydney,1970,9,11.5345507583325,240
Sydney,1970,10,10.6069983207193,248
Sydney,1970,11,11.4875118646314,240
Sydney,1970,12,10.8891926574017,248
Sydney,1971,1,10.1387949613253,248
Sydney,1971,2,10.6063540645659,224
Sydney,1971,3,9.16085604373438,248
Sydney,1971,4,8.87543657011776,240
Sydney,1971,5,10.1928777697148,248
Sydney,1971,6,9.87595389368321,240
Sydney,1971,7,10.7171421545669,248
Sydney,1971,8,10.1925767912864,248
Sydney,1971,9,10.4285524030822,240
Sydney,1971,10,12.318603334343,248
Sydney,1971,11,10.6157809478328,240
Sydney,1971,12,12.3016590193097,248
Sydney,1972,1,10.9069336320704,248
Sydney,1972,2,11.6489931757986,232
Sydney,1972,3,9.76245405508879,248
Sydney,1972,4,8.91054061749161,240
Sydney,1972,5,9.90303699931493,248
Sydney,1972,6,9.01889882387945,240
Sydney,1972,7,10.7821739111149,248
Sydney,1972,8,11.1526386616431,248
Sydney,1972,9,9.80258575971152,240
Sydney,1972,10,11.3911622356191,248
Sydney,1972,11,10.7972602620106,240
Sydney,1972,12,10.3196206381424,248
Sydney,1973,1,10.8246166056848,248
Sydney,1973,2,10.457755886727,224
Sydney,1973,3,9.8952307148389,248
Sydney,1973,4,8.27652295886764,240
Sydney,1973,5,8.30764529540592,248
Sydney,1973,6,10.7932192050453,240
Sydney,1973,7,10.2910148963686,248
Sydney,1973,8,9.87453148035729,248
Sydney,1973,9,10.4319512304707,240
Sydney,1973,10,10.4459438991766,248
Sydney,1973,11,10.0848353192174,240
Sydney,1973,12,11.5532196551645,248
Sydney,1974,1,12.7598290485849,248
Sydney,1974,2,10.4970706703836,224
Sydney,1974,3,9.5009859711423,248
Sydney,1974,4,8.90643765578623,240
Sydney,1974,5,8.78166391196201,248
Sydney,1974,6,11.8783209586332,240
Sydney,1974,7,13.8854934612868,248
Sydney,1974,8,12.0427127918413,248
Sydney,1974,9,10.7604905039059,240
Sydney,1974,10,11.5935006226912,248
Sydney,1974,11,11.1709668688016,240
Sydney,1974,12,11.2808982984085,248
Sydney,1975,1,11.6031396313886,248
Sydney,1975,2,10.5999288103432,224
Sydney,1975,3,9.18332709686546,248
Sydney,1975,4,8.29705855245284,240
Sydney,1975,5,9.04585903889522,248
Sydney,1975,6,12.0629148484277,240
Sydney,1975,7,8.00865770176883,248
Sydney,1975,8,11.5350544492746,248
Sydney,1975,9,10.205762002186,240
Sydney,1975,10,10.8416935907821,248
Sydney,1975,11,11.3653324727376,240
Sydney,1975,12,12.1076033283801,248
Sydney,1976,1,10.5328141089939,248
Sydney,1976,2,9.73655726344798,232
Sydney,1976,3,9.8438614798624,248
Sydney,1976,4,9.26693474609549,240
Sydney,1976,5,6.7249282658272,248
Sydney,1976,6,11.3831236292497,240
Sydney,1976,7,9.28031941477777,248
Sydney,1976,8,11.8990166594819,248
Sydney,1976,9,11.2305170877225,240
Sydney,1976,10,10.5611108157708,248
Sydney,1976,11,8.72448534862967,240
Sydney,1976,12,11.4672792097948,248
Sydney,1977,1,11.8094188498935,248
Sydney,1977,2,10.583014260677,224
Sydney,1977,3,9.33436108202051,248
Sydney,1977,4,7.40958833429394,240
Sydney,1977,5,11.079300651102,248
Sydney,1977,6,12.4424119771554,240
Sydney,1977,7,10.0309639590105,248
Sydney,1977,8,8.23979070490131,248
Sydney,1977,9,10.0248893692476,240
Sydney,1977,10,8.9033922829241,248
Sydney,1977,11,12.5948497424732,240
Sydney,1977,12,12.4179166287441,248
Sydney,1978,1,11.858597105357,248
Sydney,1978,2,9.0632373051207,224
Sydney,1978,3,10.2424376161516,248
Sydney,1978,4,9.14753963612061,240
Sydney,1978,5,10.0438497236667,248
Sydney,1978,6,12.3411103603651,240
Sydney,1978,7,10.8328461011903,248
Sydney,1978,8,10.4977075099806,248
Sydney,1978,9,11.3456388615193,240
Sydney,1978,10,9.44595551195513,248
Sydney,1978,11,10.1700765888941,240
Sydney,1978,12,10.4304406808649,248
Sydney,1979,1,12.0211933955041,248
Sydney,1979,2,11.0036286260585,224
Sydney,1979,3,8.40700327649951,248
Sydney,1979,4,9.52980586442959,240
Sydney,1979,5,10.5340495130653,248
Sydney,1979,6,6.77419343090968,240
Sydney,1979,7,9.79377742637996,248
Sydney,1979,8,11.319866997905,248
Sydney,1979,9,11.4528374170839,240
Sydney,1979,10,10.3741362506803,248
Sydney,1979,11,10.5975820470833,240
Sydney,1979,12,12.2840885924271,248
Sydney,1980,1,11.5358306285046,248
Sydney,1980,2,12.3416999803294,232
Sydney,1980,3,10.2714767175007,248
Sydney,1980,4,8.78696254117373,240
Sydney,1980,5,9.58869830435238,248
Sydney,1980,6,11.1520485459823,240
Sydney,1980,7,10.6054967154121,248
Sydney,1980,8,9.34368481607154,248
Sydney,1980,9,11.9948058467363,240
Sydney,1980,10,11.4805183001804,248
Sydney,1980,11,12.4488220528776,240
Sydney,1980,12,11.6006942123258,248
Sydney,1981,1,10.4988468277866,248
Sydney,1981,2,9.70611465138347,224
Sydney,1981,3,9.37952443308673,248
Sydney,1981,4,8.16975682137623,240
Sydney,1981,5,9.8409679082571,248
Sydney,1981,6,12.6016032383878,240
Sydney,1981,7,11.6873149737085,248
Sydney,1981,8,12.4723270765386,248
Sydney,1981,9,9.16665277641214,240
Sydney,1981,10,10.1756047756726,248
Sydney,1981,11,9.1949995598996,240
Sydney,1981,12,11.036562140119,248
Sydney,1982,1,11.4489429639505,248
Sydney,1982,2,11.0625639108904,224
Sydney,1982,3,8.76662936364763,248
Sydney,1982,4,7.91338173562107,240
Sydney,1982,5,8.59393715880509,248
Sydney,1982,6,11.4363313699768,240
Sydney,1982,7,11.0344876951014,248
Sydney,1982,8,6.63707496968191,248
Sydney,1982,9,11.9865243800533,240
Sydney,1982,10,11.3861767477884,248
Sydney,1982,11,11.2362225149986,240
Sydney,1982,12,10.8179675114771,248
Sydney,1983,1,11.7933386646955,248
Sydney,1983,2,9.23783919594217,224
Sydney,1983,3,9.39133186661275,248
Sydney,1983,4,9.88587752262483,240
Sydney,1983,5,9.43135629520449,248
Sydney,1983,6,10.8336663421268,240
Sydney,1983,7,10.7253009077968,248
Sydney,1983,8,9.73971241029992,248
Sydney,1983,9,11.1612529934044,240
Sydney,1983,10,8.78612844419307,248
Sydney,1983,11,11.5488278352207,240
Sydney,1983,12,9.78707861738788,248
Sydney,1984,1,10.6365602868297,248
Sydney,1984,2,7.99431725697685,232
Sydney,1984,3,9.52923480728148,248
Sydney,1984,4,8.93263840668559,240
Sydney,1984,5,7.04271613180285,248
Sydney,1984,6,9.8181786668115,240
Sydney,1984,7,12.8921504154581,248
Sydney,1984,8,11.91920132889,248
Sydney,1984,9,11.3723986374336,240
Sydney,1984,10,9.88923289004224,248
Sydney,1984,11,8.64888809606866,240
Sydney,1984,12,11.0771266787946,248
Sydney,1985,1,10.6526651501272,248
Sydney,1985,2,10.8914188234571,224
Sydney,1985,3,9.3632979801437,248
Sydney,1985,4,8.91151381699469,240
Sydney,1985,5,9.6860331860888,248
Sydney,1985,6,9.78155392665052,240
Sydney,1985,7,11.5761314837246,248
Sydney,1985,8,10.5013202317883,248
Sydney,1985,9,9.60035942560101,240
Sydney,1985,10,10.196205132755,248
Sydney,1985,11,9.51823974573726,240
Sydney,1985,12,10.2014263562399,248
Sydney,1986,1,10.4603303140236,248
Sydney,1986,2,10.6570864630765,224
Sydney,1986,3,9.80835893589723,248
Sydney,1986,4,8.31567903036716,240
Sydney,1986,5,9.15469565456933,248
Sydney,1986,6,9.11065410100555,240
Sydney,1986,7,11.8008772450723,248
Sydney,1986,8,10.1988229195528,248
Sydney,1986,9,9.73749606655393,240
Sydney,1986,10,10.7234166120385,248
Sydney,1986,11,11.697521118967,240
Sydney,1986,12,11.0695286614254,248
Sydney,1987,1,9.72409442645657,248
Sydney,1987,2,11.6931149299931,224
Sydney,1987,3,10.8006656216885,248
Sydney,1987,4,8.63563222125699,240
Sydney,1987,5,9.51627371590387,248
Sydney,1987,6,9.95083070808549,240
Sydney,1987,7,10.0125344726979,248
Sydney,1987,8,9.74319019586237,248
Sydney,1987,9,9.13292452277341,240
Sydney,1987,10,10.737007063446,248
Sydney,1987,11,11.0777190414533,240
Sydney,1987,12,11.3154491624357,248
Sydney,1988,1,11.3600048877002,248
Sydney,1988,2,11.1891343782587,232
Sydney,1988,3,9.52439923416142,248
Sydney,1988,4,8.44923831165827,240
Sydney,1988,5,8.95845295323683,248
Sydney,1988,6,11.1252120784546,240
Sydney,1988,7,9.51545453446141,248
Sydney,1988,8,9.95544115441052,248
Sydney,1988,9,11.6865029795028,240
Sydney,1988,10,12.0132231683042,248
Sydney,1988,11,11.6828808025439,240
Sydney,1988,12,11.9779485634614,248
Sydney,1989,1,10.1307559012197,248
Sydney,1989,2,9.48981270234748,224
Sydney,1989,3,10.1397268082678,248
Sydney,1989,4,10.275403518421,240
Sydney,1989,5,7.98380307468358,248
Sydney,1989,6,11.5921702522132,240
Sydney,1989,7,12.5390019838162,248
Sydney,1989,8,10.7174313361735,248
Sydney,1989,9,11.5192091475819,240
Sydney,1989,10,12.0710365074862,248
Sydney,1989,11,10.4747818973803,240
Sydney,1989,12,11.6317921161323,248
Sydney,1990,1,10.9804844403331,248
Sydney,1990,2,9.48243854711805,224
Sydney,1990,3,9.5562767794007,248
Sydney,1990,4,10.6308942589838,240
Sydney,1990,5,9.27590364127708,248
Sydney,1990,6,10.7657472777566,240
Sydney,1990,7,11.4317018430522,248
Sydney,1990,8,14.1988836180031,248
Sydney,1990,9,10.3634695389575,240
Sydney,1990,10,11.8154866106516,248
Sydney,1990,11,10.2089246991099,240
Sydney,1990,12,12.2494070984212,248
Sydney,1991,1,11.3216020405738,248
Sydney,1991,2,11.075585809648,224
Sydney,1991,3,10.5544708157795,248
Sydney,1991,4,8.92752096040123,240
Sydney,1991,5,7.73218858888385,248
Sydney,1991,6,10.4430112840516,240
Sydney,1991,7,12.192072952736,248
Sydney,1991,8,12.7712774848879,248
Sydney,1991,9,11.4579607471363,240
Sydney,1991,10,10.076855591488,248
Sydney,1991,11,10.6025491227651,240
Sydney,1991,12,10.736869540732,248
Sydney,1992,1,10.4511420673418,248
Sydney,1992,2,9.84451520607707,232
Sydney,1992,3,7.45337032643938,248
Sydney,1992,4,8.81718449563148,240
Sydney,1992,5,7.99357282287616,248
Sydney,1992,6,10.3326154162414,240
Sydney,1992,7,11.053095997319,248
Sydney,1992,8,11.9400292931479,248
Sydney,1992,9,10.4827015590236,240
Sydney,1992,10,11.7883848104644,248
Sydney,1992,11,10.1789451206879,240
Sydney,1992,12,10.6461879417869,248
Sydney,1993,1,10.7389409898063,248
Sydney,1993,2,10.8446627599201,224
Sydney,1993,3,11.218560962637,248
Sydney,1993,4,7.88393057595821,240
Sydney,1993,5,7.91047556444141,248
Sydney,1993,6,10.5743975542849,240
Sydney,1993,7,7.61906628043012,248
Sydney,1993,8,9.3430980223744,248
Sydney,1993,9,10.9834138647819,240
Sydney,1993,10,11.4576527109577,248
Sydney,1993,11,11.4123004771324,240
Sydney,1993,12,12.1435630376516,248
Sydney,1994,1,12.4369814174488,248
Sydney,1994,2,10.5319295185557,224
Sydney,1994,3,10.0210627364479,248
Sydney,1994,4,9.12520570745594,240
Sydney,1994,5,9.43454944656821,248
Sydney,1994,6,10.2328271006713,240
Sydney,1994,7,9.62222444239896,248
Sydney,1994,8,9.49033545067344,248
Sydney,1994,9,11.0431035777018,240
Sydney,1994,10,11.4940065303393,248
Sydney,1994,11,12.916580781906,240
Sydney,1994,12,12.3996059589428,248
Sydney,1995,1,11.1184888826769,248
Sydney,1995,2,11.2744296912638,224
Sydney,1995,3,11.1150191033568,248
Sydney,1995,4,9.80519971220333,240
Sydney,1995,5,10.8466583333127,248
Sydney,1995,6,11.8180728384163,240
Sydney,1995,7,11.7838361980803,248
Sydney,1995,8,9.63838346975968,248
Sydney,1995,9,10.15122820887,240
Sydney,1995,10,10.7249628419217,248
Sydney,1995,11,10.3889905434679,240
Sydney,1995,12,11.84055190014,248
Sydney,1996,1,10.4973673132384,248
Sydney,1996,2,12.1173070515971,232
Sydney,1996,3,9.15693642196655,248
Sydney,1996,4,8.34814156723065,240
Sydney,1996,5,9.7910557133058,248
Sydney,1996,6,9.94713552787517,240
Sydney,1996,7,11.1551041047628,248
Sydney,1996,8,10.6863950231144,248
Sydney,1996,9,13.2306443520531,240
Sydney,1996,10,10.2636116022063,248
Sydney,1996,11,11.6732403249395,240
Sydney,1996,12,11.085722825679,248
Sydney,1997,1,11.3142094668473,248
Sydney,1997,2,9.43840915017845,224
Sydney,1997,3,9.60479308442879,248
Sydney,1997,4,8.08719959743258,240
Sydney,1997,5,9.5574213746846,248
Sydney,1997,6,9.35439309730378,240
Sydney,1997,7,9.70076103443145,248
Sydney,1997,8,10.0730034107345,248
Sydney,1997,9,10.490887225258,240
Sydney,1997,10,11.210480716752,248
Sydney,1997,11,10.6556641955645,240
Sydney,1997,12,12.1510722987133,248
Sydney,1998,1,11.2455983965523,248
Sydney,1998,2,11.4211305414108,224
Sydney,1998,3,10.5989378046543,248
Sydney,1998,4,8.91769035681071,240
Sydney,1998,5,9.99693039660353,248
Sydney,1998,6,11.9601393534496,240
Sydney,1998,7,12.2160063889853,248
Sydney,1998,8,9.97711063717689,248
Sydney,1998,9,9.46309708465238,240
Sydney,1998,10,10.3799490540421,248
Sydney,1998,11,10.8079982837508,240
Sydney,1998,12,11.0434880649567,248
Sydney,1999,1,10.0521250373572,248
Sydney,1999,2,10.7576095252736,224
Sydney,1999,3,9.40101393850825,248
Sydney,1999,4,10.5294222628743,240
Sydney,1999,5,8.1178862995811,248
Sydney,1999,6,11.9216706216455,240
Sydney,1999,7,10.3006832398921,248
Sydney,1999,8,9.64941091967915,248
Sydney,1999,9,9.75080012860612,240
Sydney,1999,10,10.2717660886509,248
Sydney,1999,11,10.9273479882626,240
Sydney,1999,12,10.7566622291408,248
Sydney,2000,1,11.4343401451521,248
Sydney,2000,2,11.1751102116032,232
Sydney,2000,3,9.30817540423706,248
Sydney,2000,4,9.03933582479979,240
Sydney,2000,5,9.62729489910197,248
Sydney,2000,6,10.8576799381608,240
Sydney,2000,7,10.5537714975398,248
Sydney,2000,8,10.6718442090281,248
Sydney,2000,9,10.996232045011,240
Sydney,2000,10,11.0161847114499,248
Sydney,2000,11,10.3141888246599,240
Sydney,2000,12,10.2872249153496,248
Sydney,2001,1,11.8233374372312,248
Sydney,2001,2,10.30748071393,224
Sydney,2001,3,11.4065432930845,248
Sydney,2001,4,7.63263310652999,240
Sydney,2001,5,9.82283001167639,248
Sydney,2001,6,8.61060150077713,240
Sydney,2001,7,10.0722743123021,248
Sydney,2001,8,12.7985683284157,248
Sydney,2001,9,9.76211295339083,240
Sydney,2001,10,10.0360451248796,248
Sydney,2001,11,12.6062622863615,240
Sydney,2001,12,11.9817593615842,248
Sydney,2002,1,12.5028001377306,248
Sydney,2002,2,10.7977276634884,224
Sydney,2002,3,9.96193573297927,248
Sydney,2002,4,7.94737154211206,240
Sydney,2002,5,8.96633731927037,248
Sydney,2002,6,11.8070938575603,240
Sydney,2002,7,9.64389121655861,248
Sydney,2002,8,10.8377468411305,248
Sydney,2002,9,11.2865967015116,240
Sydney,2002,10,13.1280411851316,248
Sydney,2002,11,11.716503927519,240
Sydney,2002,12,11.7881042655671,248
Sydney,2003,1,12.8282161584145,248
Sydney,2003,2,11.1199807588174,224
Sydney,2003,3,8.50916017450532,248
Sydney,2003,4,9.71023330829379,240
Sydney,2003,5,10.1531297042858,248
Sydney,2003,6,10.4415937680263,240
Sydney,2003,7,9.74821693350113,248
Sydney,2003,8,10.9667335697039,248
Sydney,2003,9,11.8153093538601,240
Sydney,2003,10,11.147614319978,248
Sydney,2003,11,10.6686999909692,240
Sydney,2003,12,11.2001303343477,248
Sydney,2004,1,11.1708286421095,248
Sydney,2004,2,11.4496713219216,232
Sydney,2004,3,9.05216928421238,248
Sydney,2004,4,8.00287738702439,240
Sydney,2004,5,9.40150816993119,248
Sydney,2004,6,10.5324518021567,240
Sydney,2004,7,10.2117165236268,248
Sydney,2004,8,10.4005368967971,248
Sydney,2004,9,8.47162793837276,240
Sydney,2004,10,11.5337238232425,248
Sydney,2004,11,11.6080452760797,240
Sydney,2004,12,11.3842670604929,248
Sydney,2005,1,11.4402881926282,248
Sydney,2005,2,12.2298540070282,224
Sydney,2005,3,11.2146562031008,248
Sydney,2005,4,7.39337372671536,240
Sydney,2005,5,10.3112849093288,248
Sydney,2005,6,9.98106746511771,240
Sydney,2005,7,9.20436412857726,248
Sydney,2005,8,10.4965004606918,248
Sydney,2005,9,10.4714016605983,240
Sydney,2005,10,11.137726025536,248
Sydney,2005,11,11.4721348830051,240
Sydney,2005,12,11.9092442881171,248
Sydney,2006,1,10.9022014752575,248
Sydney,2006,2,11.3573523420547,224
Sydney,2006,3,10.1453400189343,248
Sydney,2006,4,10.1238956620205,240
Sydney,2006,5,8.25933232642071,248
Sydney,2006,6,9.6378731310528,240
Sydney,2006,7,9.87182632849223,248
Sydney,2006,8,9.20709765144126,248
Sydney,2006,9,11.8106826601716,240
Sydney,2006,10,11.9976525797085,248
Sydney,2006,11,13.054585483365,240
Sydney,2006,12,12.1796813552357,248
Sydney,2007,1,12.0357719164522,248
Sydney,2007,2,11.2276398664424,224
Sydney,2007,3,10.5632578760953,248
Sydney,2007,4,8.51478061257126,240
Sydney,2007,5,7.83145097077341,248
Sydney,2007,6,11.0880822445172,240
Sydney,2007,7,12.1190240099194,248
Sydney,2007,8,10.4170641762297,248
Sydney,2007,9,11.1803205853602,240
Sydney,2007,10,10.8825643296817,248
Sydney,2007,11,10.6870753789631,240
Sydney,2007,12,10.3181305732321,248
Sydney,2008,1,11.2548836163596,248
Sydney,2008,2,9.78080541782101,232
Sydney,2008,3,7.45163682245938,248
Sydney,2008,4,10.2302327475496,240
Sydney,2008,5,7.64845874514352,248
Sydney,2008,6,10.7588714949432,240
Sydney,2008,7,11.3184606130289,248
Sydney,2008,8,11.4925390875169,248
Sydney,2008,9,11.810609907913,240
Sydney,2008,10,11.3732880750479,248
Sydney,2008,11,12.9097759051798,240
Sydney,2008,12,11.6664052277281,248
Sydney,2009,1,12.6900250209696,248
Sydney,2009,2,10.788093671912,224
Sydney,2009,3,10.7079642270122,248
Sydney,2009,4,10.4850679188821,240
Sydney,2009,5,9.90167769843176,248
Sydney,2009,6,9.32527704027267,240
Sydney,2009,7,10.966433719367,248
Sydney,2009,8,9.53996139415093,248
Sydney,2009,9,11.7032448313436,240
Sydney,2009,10,11.5634155006038,248
Sydney,2009,11,11.4618712309233,240
Sydney,2009,12,11.0508475535072,248
Sydney,2010,1,10.9469533256381,248
Sydney,2010,2,10.513388743216,224
Sydney,2010,3,9.34317026932158,248
Sydney,2010,4,8.13348085290063,240
Sydney,2010,5,9.43952125227154,248
Sydney,2010,6,10.3895908542432,240
Sydney,2010,7,9.55666153170099,248
Sydney,2010,8,13.3010370196731,248
Sydney,2010,9,9.40435737288557,240
Sydney,2010,10,11.0250861998034,248
Sydney,2010,11,11.0489875290259,240
Sydney,2010,12,10.9031858839127,248
Sydney,2011,1,11.4666022576104,248
Sydney,2011,2,11.9708202888927,224
Sydney,2011,3,9.59246815485724,248
Sydney,2011,4,9.29325698916941,240
Sydney,2011,5,9.39241320798684,248
Sydney,2011,6,12.3394705675335,240
Sydney,2011,7,11.3710136124961,248
Sydney,2011,8,9.52612861997789,248
Sydney,2011,9,10.9506706104413,240
Sydney,2011,10,9.71282619424983,248
Sydney,2011,11,11.9258344600764,240
Sydney,2011,12,9.52924932105173,248
Sydney,2012,1,11.5868673332018,248
Sydney,2012,2,8.58716036601845,232
Sydney,2012,3,10.0258116202712,248
Sydney,2012,4,7.98551957261119,240
Sydney,2012,5,9.19195194599204,248
Sydney,2012,6,10.6090722795268,240
Sydney,2012,7,11.7802107559142,248
Sydney,2012,8,12.3517785601111,248
Sydney,2012,9,10.9020691885595,240
Sydney,2012,10,10.8263377967838,248
Sydney,2012,11,11.3623017894959,240
Sydney,2012,12,11.4085418854298,248
Sydney,2013,1,12.9095292877007,248
Sydney,2013,2,11.7520083121421,224
Sydney,2013,3,9.90629382071774,248
Sydney,2013,4,6.98579037972849,240
Sydney,2013,5,9.3294564830208,248
Sydney,2013,6,10.7967166359264,240
Sydney,2013,7,8.53746602011653,248
Sydney,2013,8,11.3060255405888,248
Sydney,2013,9,10.6688596969923,240
Sydney,2013,10,13.1501936252103,248
Sydney,2013,11,11.9305400839167,240
Sydney,2013,12,11.8849113102349,248
Sydney,2014,1,11.9779061249662,248
Sydney,2014,2,11.2878244814829,224
Sydney,2014,3,8.50075179700481,248
Sydney,2014,4,8.85561575997223,240
Sydney,2014,5,8.7986645521263,248
Sydney,2014,6,11.1622328094323,240
Sydney,2014,7,11.7173060201774,248
Sydney,2014,8,11.1323299219665,248
Sydney,2014,9,10.6497785891799,240
Sydney,2014,10,11.0144706834908,248
Sydney,2014,11,12.214054921683,240
Sydney,2014,12,12.5121029958104,248
